1500.0,2020-12-15,1500.0,AMOR,1475.0,Ashmore Asset Management Indon,1480.0,1526600
1485.0,2020-12-16,1490.0,AMOR,1485.0,Ashmore Asset Management Indon,1490.0,1435400
1490.0,2020-12-17,1500.0,AMOR,1485.0,Ashmore Asset Management Indon,1490.0,5121600
1510.0,2020-12-18,1510.0,AMOR,1485.0,Ashmore Asset Management Indon,1490.0,3389800
1480.0,2020-12-21,1525.0,AMOR,1430.0,Ashmore Asset Management Indon,1505.0,3429800
1475.0,2020-12-22,1485.0,AMOR,1465.0,Ashmore Asset Management Indon,1480.0,2187600
1460.0,2020-12-23,1470.0,AMOR,1460.0,Ashmore Asset Management Indon,1470.0,97200
1475.0,2020-12-28,1475.0,AMOR,1465.0,Ashmore Asset Management Indon,1470.0,2855800
1460.0,2020-12-29,1480.0,AMOR,1455.0,Ashmore Asset Management Indon,1480.0,5989200
1455.0,2020-12-30,1460.0,AMOR,1455.0,Ashmore Asset Management Indon,1460.0,48400
1490.0,2021-01-04,1490.0,AMOR,1455.0,Ashmore Asset Management Indon,1460.0,3174800
1485.0,2021-01-05,1490.0,AMOR,1465.0,Ashmore Asset Management Indon,1490.0,2925200
1480.0,2021-01-06,1495.0,AMOR,1480.0,Ashmore Asset Management Indon,1490.0,1245000
1510.0,2021-01-07,1515.0,AMOR,1485.0,Ashmore Asset Management Indon,1485.0,4303400
1515.0,2021-01-08,1520.0,AMOR,1510.0,Ashmore Asset Management Indon,1510.0,2973000
1540.0,2021-01-11,1545.0,AMOR,1490.0,Ashmore Asset Management Indon,1510.0,4221400
1560.0,2021-01-12,1580.0,AMOR,1545.0,Ashmore Asset Management Indon,1545.0,3174400
1575.0,2021-01-13,1600.0,AMOR,1560.0,Ashmore Asset Management Indon,1600.0,2429400
1600.0,2021-01-14,1605.0,AMOR,1575.0,Ashmore Asset Management Indon,1580.0,4080400
1600.0,2021-01-15,1625.0,AMOR,1585.0,Ashmore Asset Management Indon,1600.0,4727200
1605.0,2021-01-18,1615.0,AMOR,1600.0,Ashmore Asset Management Indon,1600.0,3626600
1730.0,2021-01-19,1765.0,AMOR,1605.0,Ashmore Asset Management Indon,1610.0,14295400
1680.0,2021-01-20,1750.0,AMOR,1625.0,Ashmore Asset Management Indon,1735.0,5271200
1645.0,2021-01-21,1695.0,AMOR,1645.0,Ashmore Asset Management Indon,1685.0,2792800
1585.0,2021-01-22,1650.0,AMOR,1585.0,Ashmore Asset Management Indon,1650.0,608000
1615.0,2021-01-25,1630.0,AMOR,1600.0,Ashmore Asset Management Indon,1600.0,4571400
1580.0,2021-01-26,1620.0,AMOR,1580.0,Ashmore Asset Management Indon,1620.0,2483600
1605.0,2021-01-27,1605.0,AMOR,1580.0,Ashmore Asset Management Indon,1590.0,2525600
1560.0,2021-01-28,1605.0,AMOR,1560.0,Ashmore Asset Management Indon,1600.0,3861600
1590.0,2021-01-29,1600.0,AMOR,1575.0,Ashmore Asset Management Indon,1580.0,3118000
1575.0,2021-02-01,1590.0,AMOR,1570.0,Ashmore Asset Management Indon,1590.0,3668200
1595.0,2021-02-02,1595.0,AMOR,1570.0,Ashmore Asset Management Indon,1580.0,4796400
1620.0,2021-02-03,1620.0,AMOR,1600.0,Ashmore Asset Management Indon,1600.0,2215200
1635.0,2021-02-04,1645.0,AMOR,1625.0,Ashmore Asset Management Indon,1625.0,3157000
1650.0,2021-02-05,1660.0,AMOR,1640.0,Ashmore Asset Management Indon,1640.0,4415200
1630.0,2021-02-08,1660.0,AMOR,1590.0,Ashmore Asset Management Indon,1655.0,2934600
1630.0,2021-02-09,1630.0,AMOR,1610.0,Ashmore Asset Management Indon,1630.0,3155000
1570.0,2021-02-10,1630.0,AMOR,1570.0,Ashmore Asset Management Indon,1630.0,4048200
1565.0,2021-02-11,1580.0,AMOR,1560.0,Ashmore Asset Management Indon,1580.0,3242000
1560.0,2021-02-15,1570.0,AMOR,1560.0,Ashmore Asset Management Indon,1570.0,3092800
1580.0,2021-02-16,1580.0,AMOR,1565.0,Ashmore Asset Management Indon,1565.0,3184800
1590.0,2021-02-17,1590.0,AMOR,1580.0,Ashmore Asset Management Indon,1580.0,5450400
1580.0,2021-02-18,1590.0,AMOR,1575.0,Ashmore Asset Management Indon,1590.0,1126600
1580.0,2021-02-19,1590.0,AMOR,1580.0,Ashmore Asset Management Indon,1580.0,2663200
1585.0,2021-02-22,1600.0,AMOR,1580.0,Ashmore Asset Management Indon,1580.0,6688800
1570.0,2021-02-23,1595.0,AMOR,1565.0,Ashmore Asset Management Indon,1585.0,2701600
1570.0,2021-02-24,1580.0,AMOR,1570.0,Ashmore Asset Management Indon,1575.0,3482400
1565.0,2021-02-25,1580.0,AMOR,1565.0,Ashmore Asset Management Indon,1575.0,2720400
1555.0,2021-02-26,1570.0,AMOR,1545.0,Ashmore Asset Management Indon,1570.0,2118400
1550.0,2021-03-01,1555.0,AMOR,1550.0,Ashmore Asset Management Indon,1550.0,3208400
1520.0,2021-03-02,1550.0,AMOR,1520.0,Ashmore Asset Management Indon,1550.0,1322000
1520.0,2021-03-03,1535.0,AMOR,1520.0,Ashmore Asset Management Indon,1530.0,2143800
1570.0,2021-03-04,1640.0,AMOR,1525.0,Ashmore Asset Management Indon,1525.0,7758600
1565.0,2021-03-05,1590.0,AMOR,1560.0,Ashmore Asset Management Indon,1575.0,4090200
1595.0,2021-03-08,1595.0,AMOR,1555.0,Ashmore Asset Management Indon,1565.0,4179800
1660.0,2021-03-09,1660.0,AMOR,1595.0,Ashmore Asset Management Indon,1595.0,6857800
1640.0,2021-03-10,1670.0,AMOR,1620.0,Ashmore Asset Management Indon,1660.0,4450400
1645.0,2021-03-12,1655.0,AMOR,1620.0,Ashmore Asset Management Indon,1645.0,5174800
1625.0,2021-03-15,1650.0,AMOR,1625.0,Ashmore Asset Management Indon,1650.0,3767000
1625.0,2021-03-16,1635.0,AMOR,1625.0,Ashmore Asset Management Indon,1625.0,3044400
1625.0,2021-03-17,1630.0,AMOR,1620.0,Ashmore Asset Management Indon,1625.0,2924200
1630.0,2021-03-18,1630.0,AMOR,1625.0,Ashmore Asset Management Indon,1625.0,3835800
1625.0,2021-03-19,1635.0,AMOR,1620.0,Ashmore Asset Management Indon,1630.0,2911400
1625.0,2021-03-22,1630.0,AMOR,1605.0,Ashmore Asset Management Indon,1630.0,4881000
1640.0,2021-03-23,1645.0,AMOR,1625.0,Ashmore Asset Management Indon,1630.0,4078400
1635.0,2021-03-24,1665.0,AMOR,1615.0,Ashmore Asset Management Indon,1640.0,26683200
1585.0,2021-03-25,1635.0,AMOR,1565.0,Ashmore Asset Management Indon,1635.0,4021000
1595.0,2021-03-26,1610.0,AMOR,1560.0,Ashmore Asset Management Indon,1585.0,5893000
1690.0,2021-03-29,1695.0,AMOR,1595.0,Ashmore Asset Management Indon,1600.0,4732600
1665.0,2021-03-30,1710.0,AMOR,1665.0,Ashmore Asset Management Indon,1690.0,3752600
1665.0,2021-03-31,1670.0,AMOR,1630.0,Ashmore Asset Management Indon,1665.0,3423800
1680.0,2021-04-01,1680.0,AMOR,1660.0,Ashmore Asset Management Indon,1665.0,3493200
1680.0,2021-04-05,1685.0,AMOR,1670.0,Ashmore Asset Management Indon,1685.0,3303800
1785.0,2021-04-06,1800.0,AMOR,1675.0,Ashmore Asset Management Indon,1685.0,6068600
1800.0,2021-04-07,1805.0,AMOR,1785.0,Ashmore Asset Management Indon,1785.0,7562800
1875.0,2021-04-08,1875.0,AMOR,1800.0,Ashmore Asset Management Indon,1805.0,4422000
1860.0,2021-04-09,1875.0,AMOR,1850.0,Ashmore Asset Management Indon,1875.0,3293000
1890.0,2021-04-12,1890.0,AMOR,1845.0,Ashmore Asset Management Indon,1850.0,5386000
1860.0,2021-04-13,1900.0,AMOR,1855.0,Ashmore Asset Management Indon,1890.0,3207600
1875.0,2021-04-14,1880.0,AMOR,1840.0,Ashmore Asset Management Indon,1860.0,4683600
1865.0,2021-04-15,1880.0,AMOR,1855.0,Ashmore Asset Management Indon,1875.0,4108000
1940.0,2021-04-16,1950.0,AMOR,1865.0,Ashmore Asset Management Indon,1870.0,6129800
1870.0,2021-04-19,1945.0,AMOR,1870.0,Ashmore Asset Management Indon,1940.0,2897600
1880.0,2021-04-20,1885.0,AMOR,1845.0,Ashmore Asset Management Indon,1870.0,4832600
1895.0,2021-04-21,1900.0,AMOR,1855.0,Ashmore Asset Management Indon,1870.0,2987400
1880.0,2021-04-22,1890.0,AMOR,1875.0,Ashmore Asset Management Indon,1885.0,3211600
1910.0,2021-04-23,1910.0,AMOR,1855.0,Ashmore Asset Management Indon,1880.0,4485600
1915.0,2021-04-26,1925.0,AMOR,1910.0,Ashmore Asset Management Indon,1910.0,3284800
1895.0,2021-04-27,1920.0,AMOR,1825.0,Ashmore Asset Management Indon,1915.0,4116400
1885.0,2021-04-28,1895.0,AMOR,1865.0,Ashmore Asset Management Indon,1895.0,3284800
1960.0,2021-04-29,2000.0,AMOR,1875.0,Ashmore Asset Management Indon,1885.0,6166600
1990.0,2021-04-30,2000.0,AMOR,1950.0,Ashmore Asset Management Indon,1960.0,9307600
2060.0,2021-05-03,2085.0,AMOR,1985.0,Ashmore Asset Management Indon,1990.0,13941200
2090.0,2021-05-04,2095.0,AMOR,2055.0,Ashmore Asset Management Indon,2055.0,4622000
2065.0,2021-05-05,2085.0,AMOR,2060.0,Ashmore Asset Management Indon,2080.0,3150400
2000.0,2021-05-06,2065.0,AMOR,1950.0,Ashmore Asset Management Indon,2065.0,5864200
2005.0,2021-05-07,2005.0,AMOR,1925.0,Ashmore Asset Management Indon,2000.0,7393200
2090.0,2021-05-10,2145.0,AMOR,2000.0,Ashmore Asset Management Indon,2005.0,7352800
2155.0,2021-05-11,2265.0,AMOR,2090.0,Ashmore Asset Management Indon,2095.0,7103800
2085.0,2021-05-17,2160.0,AMOR,2075.0,Ashmore Asset Management Indon,2160.0,6044400
2065.0,2021-05-18,2085.0,AMOR,2055.0,Ashmore Asset Management Indon,2085.0,3047600
2035.0,2021-05-19,2065.0,AMOR,2035.0,Ashmore Asset Management Indon,2065.0,4200400
2125.0,2021-05-20,2220.0,AMOR,2030.0,Ashmore Asset Management Indon,2035.0,8503000
2060.0,2021-05-21,2125.0,AMOR,2035.0,Ashmore Asset Management Indon,2125.0,5942600
2005.0,2021-05-24,2075.0,AMOR,2005.0,Ashmore Asset Management Indon,2075.0,4280600
2045.0,2021-05-25,2045.0,AMOR,2000.0,Ashmore Asset Management Indon,2010.0,5869400
2080.0,2021-05-27,2175.0,AMOR,2040.0,Ashmore Asset Management Indon,2045.0,6376600
2055.0,2021-05-28,2080.0,AMOR,2040.0,Ashmore Asset Management Indon,2080.0,3330000
1990.0,2021-05-31,2055.0,AMOR,1985.0,Ashmore Asset Management Indon,2055.0,5237200
1975.0,2021-06-02,2000.0,AMOR,1950.0,Ashmore Asset Management Indon,2000.0,4548600
1975.0,2021-06-03,2000.0,AMOR,1960.0,Ashmore Asset Management Indon,1980.0,6948200
1985.0,2021-06-04,1985.0,AMOR,1975.0,Ashmore Asset Management Indon,1980.0,3281200
1980.0,2021-06-07,1990.0,AMOR,1950.0,Ashmore Asset Management Indon,1985.0,3417200
1905.0,2021-06-08,1980.0,AMOR,1905.0,Ashmore Asset Management Indon,1980.0,3054200
1845.0,2021-06-09,1915.0,AMOR,1845.0,Ashmore Asset Management Indon,1915.0,2946000
1860.0,2021-06-10,1950.0,AMOR,1850.0,Ashmore Asset Management Indon,1850.0,6234800
1845.0,2021-06-11,1865.0,AMOR,1830.0,Ashmore Asset Management Indon,1865.0,3393400
1815.0,2021-06-14,1855.0,AMOR,1815.0,Ashmore Asset Management Indon,1850.0,3804000
1800.0,2021-06-15,1825.0,AMOR,1775.0,Ashmore Asset Management Indon,1820.0,3601400
1760.0,2021-06-16,1805.0,AMOR,1760.0,Ashmore Asset Management Indon,1805.0,3877200
1785.0,2021-06-17,1820.0,AMOR,1760.0,Ashmore Asset Management Indon,1765.0,6522400
1785.0,2021-06-18,1835.0,AMOR,1760.0,Ashmore Asset Management Indon,1790.0,10029400
1785.0,2021-06-21,1835.0,AMOR,1760.0,Ashmore Asset Management Indon,1775.0,2469800
1800.0,2021-06-22,1800.0,AMOR,1785.0,Ashmore Asset Management Indon,1790.0,3461600
1740.0,2021-06-23,1810.0,AMOR,1740.0,Ashmore Asset Management Indon,1805.0,2081200
1675.0,2021-06-24,1750.0,AMOR,1675.0,Ashmore Asset Management Indon,1750.0,1102200
1685.0,2021-06-25,1685.0,AMOR,1645.0,Ashmore Asset Management Indon,1680.0,3252400
1670.0,2021-06-28,1760.0,AMOR,1665.0,Ashmore Asset Management Indon,1700.0,6224600
1655.0,2021-06-29,1675.0,AMOR,1650.0,Ashmore Asset Management Indon,1675.0,5634600
1750.0,2021-06-30,1790.0,AMOR,1660.0,Ashmore Asset Management Indon,1660.0,3511800
1730.0,2021-07-01,1765.0,AMOR,1720.0,Ashmore Asset Management Indon,1755.0,4396600
1685.0,2021-07-02,1740.0,AMOR,1685.0,Ashmore Asset Management Indon,1740.0,1926600
1655.0,2021-07-05,1690.0,AMOR,1640.0,Ashmore Asset Management Indon,1690.0,2387200
1660.0,2021-07-06,1660.0,AMOR,1600.0,Ashmore Asset Management Indon,1660.0,4890200
1710.0,2021-07-07,1795.0,AMOR,1660.0,Ashmore Asset Management Indon,1660.0,5366000
1705.0,2021-07-08,1735.0,AMOR,1700.0,Ashmore Asset Management Indon,1710.0,3267600
1710.0,2021-07-09,1900.0,AMOR,1665.0,Ashmore Asset Management Indon,1705.0,4290400
1750.0,2021-07-12,1780.0,AMOR,1700.0,Ashmore Asset Management Indon,1725.0,2813800
1725.0,2021-07-13,1765.0,AMOR,1700.0,Ashmore Asset Management Indon,1750.0,2348200
1715.0,2021-07-14,1730.0,AMOR,1680.0,Ashmore Asset Management Indon,1730.0,4536600
1715.0,2021-07-15,1715.0,AMOR,1695.0,Ashmore Asset Management Indon,1705.0,2296200
1705.0,2021-07-16,1715.0,AMOR,1680.0,Ashmore Asset Management Indon,1710.0,2231800
1660.0,2021-07-19,1710.0,AMOR,1645.0,Ashmore Asset Management Indon,1705.0,2091600
1615.0,2021-07-21,1665.0,AMOR,1575.0,Ashmore Asset Management Indon,1665.0,1973200
1600.0,2021-07-22,1635.0,AMOR,1565.0,Ashmore Asset Management Indon,1615.0,2230400
1600.0,2021-07-23,1605.0,AMOR,1565.0,Ashmore Asset Management Indon,1600.0,2428200
1610.0,2021-07-26,1610.0,AMOR,1570.0,Ashmore Asset Management Indon,1600.0,2251800
1620.0,2021-07-27,1635.0,AMOR,1585.0,Ashmore Asset Management Indon,1610.0,3813800
1610.0,2021-07-28,1655.0,AMOR,1565.0,Ashmore Asset Management Indon,1620.0,1624600
1630.0,2021-07-29,1640.0,AMOR,1575.0,Ashmore Asset Management Indon,1610.0,2067400
1635.0,2021-07-30,1635.0,AMOR,1575.0,Ashmore Asset Management Indon,1630.0,2348800
1600.0,2021-08-02,1630.0,AMOR,1580.0,Ashmore Asset Management Indon,1630.0,16578600
1615.0,2021-08-03,1640.0,AMOR,1595.0,Ashmore Asset Management Indon,1600.0,10175200
1620.0,2021-08-04,1625.0,AMOR,1600.0,Ashmore Asset Management Indon,1620.0,1617600
1620.0,2021-08-05,1625.0,AMOR,1590.0,Ashmore Asset Management Indon,1620.0,1586600
1600.0,2021-08-06,1620.0,AMOR,1580.0,Ashmore Asset Management Indon,1620.0,1508400
1570.0,2021-08-09,1600.0,AMOR,1550.0,Ashmore Asset Management Indon,1600.0,1397400
1465.0,2021-08-10,1585.0,AMOR,1465.0,Ashmore Asset Management Indon,1585.0,1798400
1545.0,2021-08-12,1550.0,AMOR,1460.0,Ashmore Asset Management Indon,1465.0,2551200
1600.0,2021-08-13,1600.0,AMOR,1520.0,Ashmore Asset Management Indon,1550.0,2488800
1575.0,2021-08-16,1610.0,AMOR,1545.0,Ashmore Asset Management Indon,1600.0,2307400
1735.0,2021-08-18,1735.0,AMOR,1560.0,Ashmore Asset Management Indon,1585.0,3805800
1685.0,2021-08-19,1775.0,AMOR,1655.0,Ashmore Asset Management Indon,1745.0,1524000
1675.0,2021-08-20,1695.0,AMOR,1665.0,Ashmore Asset Management Indon,1685.0,1747000
1695.0,2021-08-23,1700.0,AMOR,1670.0,Ashmore Asset Management Indon,1695.0,1452800
1705.0,2021-08-24,1715.0,AMOR,1670.0,Ashmore Asset Management Indon,1710.0,1924800
1695.0,2021-08-25,1775.0,AMOR,1645.0,Ashmore Asset Management Indon,1705.0,1427200
1725.0,2021-08-26,1725.0,AMOR,1670.0,Ashmore Asset Management Indon,1705.0,1531000
1705.0,2021-08-27,1750.0,AMOR,1680.0,Ashmore Asset Management Indon,1730.0,1636800
1695.0,2021-08-30,1745.0,AMOR,1685.0,Ashmore Asset Management Indon,1715.0,1212800
1840.0,2021-08-31,1850.0,AMOR,1665.0,Ashmore Asset Management Indon,1695.0,2076200
1755.0,2021-09-01,1850.0,AMOR,1755.0,Ashmore Asset Management Indon,1850.0,805000
1710.0,2021-09-02,1755.0,AMOR,1650.0,Ashmore Asset Management Indon,1755.0,973600
1770.0,2021-09-03,1790.0,AMOR,1710.0,Ashmore Asset Management Indon,1710.0,1288800
1770.0,2021-09-06,1820.0,AMOR,1765.0,Ashmore Asset Management Indon,1775.0,1695800
1815.0,2021-09-07,1830.0,AMOR,1725.0,Ashmore Asset Management Indon,1770.0,1665000
1780.0,2021-09-08,1815.0,AMOR,1735.0,Ashmore Asset Management Indon,1815.0,759000
1920.0,2021-09-09,1925.0,AMOR,1765.0,Ashmore Asset Management Indon,1780.0,2598200
1860.0,2021-09-10,1925.0,AMOR,1820.0,Ashmore Asset Management Indon,1915.0,892800
1850.0,2021-09-13,1860.0,AMOR,1795.0,Ashmore Asset Management Indon,1860.0,964800
1910.0,2021-09-14,1910.0,AMOR,1850.0,Ashmore Asset Management Indon,1865.0,1137000
1920.0,2021-09-15,1925.0,AMOR,1860.0,Ashmore Asset Management Indon,1920.0,906600
2015.0,2021-09-16,2175.0,AMOR,1890.0,Ashmore Asset Management Indon,1920.0,2796200
2005.0,2021-09-17,2020.0,AMOR,1960.0,Ashmore Asset Management Indon,2015.0,1255400
2000.0,2021-09-20,2005.0,AMOR,1955.0,Ashmore Asset Management Indon,2005.0,9908600
1885.0,2021-09-21,2000.0,AMOR,1860.0,Ashmore Asset Management Indon,2000.0,707800
1875.0,2021-09-22,1955.0,AMOR,1800.0,Ashmore Asset Management Indon,1895.0,1592800
1895.0,2021-09-23,1925.0,AMOR,1865.0,Ashmore Asset Management Indon,1875.0,1466000
1900.0,2021-09-24,1925.0,AMOR,1875.0,Ashmore Asset Management Indon,1900.0,17736200
1900.0,2021-09-27,1900.0,AMOR,1845.0,Ashmore Asset Management Indon,1900.0,893600
1840.0,2021-09-28,1900.0,AMOR,1830.0,Ashmore Asset Management Indon,1900.0,1109800
1830.0,2021-09-29,1860.0,AMOR,1825.0,Ashmore Asset Management Indon,1850.0,1112000
1835.0,2021-09-30,1840.0,AMOR,1775.0,Ashmore Asset Management Indon,1835.0,1223600
1850.0,2021-10-01,1850.0,AMOR,1825.0,Ashmore Asset Management Indon,1830.0,1279600
1920.0,2021-10-04,1925.0,AMOR,1825.0,Ashmore Asset Management Indon,1865.0,1635800
1905.0,2021-10-05,1920.0,AMOR,1840.0,Ashmore Asset Management Indon,1920.0,1325000
1925.0,2021-10-06,1945.0,AMOR,1855.0,Ashmore Asset Management Indon,1905.0,1161800
1915.0,2021-10-07,1935.0,AMOR,1840.0,Ashmore Asset Management Indon,1930.0,1150400
1915.0,2021-10-08,1945.0,AMOR,1875.0,Ashmore Asset Management Indon,1915.0,1097000
1940.0,2021-10-11,1945.0,AMOR,1865.0,Ashmore Asset Management Indon,1915.0,1311000
1935.0,2021-10-12,1940.0,AMOR,1900.0,Ashmore Asset Management Indon,1940.0,1913800
1935.0,2021-10-13,1945.0,AMOR,1900.0,Ashmore Asset Management Indon,1935.0,1959200
1910.0,2021-10-14,1945.0,AMOR,1835.0,Ashmore Asset Management Indon,1930.0,1971200
1910.0,2021-10-15,1910.0,AMOR,1805.0,Ashmore Asset Management Indon,1910.0,1807200
1915.0,2021-10-18,1915.0,AMOR,1895.0,Ashmore Asset Management Indon,1910.0,1461000
1800.0,2021-10-19,1915.0,AMOR,1800.0,Ashmore Asset Management Indon,1905.0,1678800
1745.0,2021-10-21,1815.0,AMOR,1745.0,Ashmore Asset Management Indon,1815.0,1061400
1730.0,2021-10-22,1765.0,AMOR,1725.0,Ashmore Asset Management Indon,1765.0,1364000
1780.0,2021-10-25,1780.0,AMOR,1750.0,Ashmore Asset Management Indon,1750.0,1950400
1900.0,2021-10-26,1900.0,AMOR,1735.0,Ashmore Asset Management Indon,1785.0,3380600
1900.0,2021-10-27,1930.0,AMOR,1820.0,Ashmore Asset Management Indon,1930.0,1290400
1845.0,2021-10-28,1915.0,AMOR,1815.0,Ashmore Asset Management Indon,1900.0,1488200
1880.0,2021-10-29,1905.0,AMOR,1820.0,Ashmore Asset Management Indon,1855.0,1955000
1875.0,2021-11-01,1900.0,AMOR,1850.0,Ashmore Asset Management Indon,1880.0,1419000
1915.0,2021-11-02,1915.0,AMOR,1805.0,Ashmore Asset Management Indon,1900.0,2434200
1910.0,2021-11-03,1940.0,AMOR,1850.0,Ashmore Asset Management Indon,1940.0,989400
1900.0,2021-11-04,1920.0,AMOR,1875.0,Ashmore Asset Management Indon,1910.0,1810400
1910.0,2021-11-05,1915.0,AMOR,1900.0,Ashmore Asset Management Indon,1915.0,984000
1935.0,2021-11-08,1935.0,AMOR,1905.0,Ashmore Asset Management Indon,1910.0,1254200
1915.0,2021-11-09,1945.0,AMOR,1915.0,Ashmore Asset Management Indon,1930.0,1509800
1900.0,2021-11-10,1940.0,AMOR,1875.0,Ashmore Asset Management Indon,1925.0,1187600
1900.0,2021-11-11,1925.0,AMOR,1890.0,Ashmore Asset Management Indon,1915.0,1114400
1900.0,2021-11-12,1925.0,AMOR,1890.0,Ashmore Asset Management Indon,1915.0,1451600
1940.0,2021-11-15,1940.0,AMOR,1915.0,Ashmore Asset Management Indon,1915.0,1912000
1995.0,2021-11-16,2000.0,AMOR,1925.0,Ashmore Asset Management Indon,1940.0,2031200
1970.0,2021-11-17,2005.0,AMOR,1925.0,Ashmore Asset Management Indon,1995.0,2007400
1940.0,2021-11-18,1980.0,AMOR,1925.0,Ashmore Asset Management Indon,1980.0,2713200
1990.0,2021-11-19,2035.0,AMOR,1930.0,Ashmore Asset Management Indon,1950.0,1890800
2010.0,2021-11-22,2010.0,AMOR,1980.0,Ashmore Asset Management Indon,1990.0,1491400
1980.0,2021-11-23,2015.0,AMOR,1900.0,Ashmore Asset Management Indon,2005.0,1154400
2025.0,2021-11-24,2070.0,AMOR,1980.0,Ashmore Asset Management Indon,1995.0,1667000
2000.0,2021-11-25,2050.0,AMOR,2000.0,Ashmore Asset Management Indon,2010.0,11263800
2000.0,2021-11-26,2025.0,AMOR,1965.0,Ashmore Asset Management Indon,2020.0,1539200
2005.0,2021-11-29,2015.0,AMOR,1975.0,Ashmore Asset Management Indon,2000.0,1464600
2010.0,2021-11-30,2040.0,AMOR,1990.0,Ashmore Asset Management Indon,2005.0,1119600
2015.0,2021-12-01,2015.0,AMOR,1950.0,Ashmore Asset Management Indon,2010.0,1420600
2035.0,2021-12-02,2035.0,AMOR,1970.0,Ashmore Asset Management Indon,2015.0,1555600
2000.0,2021-12-03,2150.0,AMOR,1985.0,Ashmore Asset Management Indon,2050.0,1190600
1995.0,2021-12-06,2005.0,AMOR,1955.0,Ashmore Asset Management Indon,2000.0,1565000
1975.0,2021-12-07,2000.0,AMOR,1940.0,Ashmore Asset Management Indon,2000.0,3956400
1895.0,2021-12-08,1980.0,AMOR,1875.0,Ashmore Asset Management Indon,1975.0,810400
1910.0,2021-12-09,1910.0,AMOR,1875.0,Ashmore Asset Management Indon,1895.0,651500
1915.0,2021-12-10,1960.0,AMOR,1820.0,Ashmore Asset Management Indon,1910.0,685400
1875.0,2021-12-13,1915.0,AMOR,1855.0,Ashmore Asset Management Indon,1915.0,428000
1825.0,2021-12-14,1875.0,AMOR,1800.0,Ashmore Asset Management Indon,1875.0,617400
1825.0,2021-12-15,1825.0,AMOR,1795.0,Ashmore Asset Management Indon,1825.0,619900
1810.0,2021-12-16,1825.0,AMOR,1775.0,Ashmore Asset Management Indon,1825.0,622000
1830.0,2021-12-17,1830.0,AMOR,1785.0,Ashmore Asset Management Indon,1810.0,679200
1770.0,2021-12-20,1850.0,AMOR,1770.0,Ashmore Asset Management Indon,1830.0,570900
1770.0,2021-12-21,1770.0,AMOR,1750.0,Ashmore Asset Management Indon,1770.0,544000
1765.0,2021-12-22,1770.0,AMOR,1710.0,Ashmore Asset Management Indon,1770.0,634700
1770.0,2021-12-23,1770.0,AMOR,1745.0,Ashmore Asset Management Indon,1765.0,530100
1770.0,2021-12-24,1770.0,AMOR,1750.0,Ashmore Asset Management Indon,1770.0,1525800
1770.0,2021-12-27,1770.0,AMOR,1760.0,Ashmore Asset Management Indon,1770.0,585000
1770.0,2021-12-28,1810.0,AMOR,1770.0,Ashmore Asset Management Indon,1770.0,1217400
1800.0,2021-12-29,1800.0,AMOR,1745.0,Ashmore Asset Management Indon,1770.0,708800
1870.0,2021-12-30,1870.0,AMOR,1800.0,Ashmore Asset Management Indon,1800.0,686800
1940.0,2022-01-03,1950.0,AMOR,1860.0,Ashmore Asset Management Indon,1870.0,1894700
1905.0,2022-01-04,1955.0,AMOR,1845.0,Ashmore Asset Management Indon,1940.0,952800
1935.0,2022-01-05,1935.0,AMOR,1900.0,Ashmore Asset Management Indon,1905.0,1243600
1965.0,2022-01-06,1980.0,AMOR,1935.0,Ashmore Asset Management Indon,1935.0,1217400
2020.0,2022-01-07,2020.0,AMOR,1960.0,Ashmore Asset Management Indon,1965.0,1156100
1995.0,2022-01-10,2120.0,AMOR,1985.0,Ashmore Asset Management Indon,2020.0,2106300
2020.0,2022-01-11,2020.0,AMOR,1985.0,Ashmore Asset Management Indon,1995.0,1421200
2050.0,2022-01-12,2050.0,AMOR,2010.0,Ashmore Asset Management Indon,2020.0,1408700
2020.0,2022-01-13,2080.0,AMOR,2000.0,Ashmore Asset Management Indon,2050.0,1358700
2000.0,2022-01-14,2030.0,AMOR,1960.0,Ashmore Asset Management Indon,2020.0,1659200
1940.0,2022-01-17,2010.0,AMOR,1900.0,Ashmore Asset Management Indon,2000.0,8603700
1910.0,2022-01-18,1945.0,AMOR,1900.0,Ashmore Asset Management Indon,1940.0,1194000
1850.0,2022-01-19,1910.0,AMOR,1780.0,Ashmore Asset Management Indon,1910.0,549200
1825.0,2022-01-20,1850.0,AMOR,1825.0,Ashmore Asset Management Indon,1850.0,265900
1805.0,2022-01-21,1825.0,AMOR,1805.0,Ashmore Asset Management Indon,1825.0,340600
1785.0,2022-01-24,1815.0,AMOR,1785.0,Ashmore Asset Management Indon,1805.0,363500
1785.0,2022-01-25,1785.0,AMOR,1780.0,Ashmore Asset Management Indon,1785.0,362600
1785.0,2022-01-26,1795.0,AMOR,1785.0,Ashmore Asset Management Indon,1795.0,341700
1760.0,2022-01-27,1785.0,AMOR,1760.0,Ashmore Asset Management Indon,1785.0,214600
1755.0,2022-01-28,1765.0,AMOR,1755.0,Ashmore Asset Management Indon,1760.0,381500
1750.0,2022-01-31,1760.0,AMOR,1750.0,Ashmore Asset Management Indon,1755.0,251200
1760.0,2022-02-02,1770.0,AMOR,1750.0,Ashmore Asset Management Indon,1750.0,506300
1755.0,2022-02-03,1780.0,AMOR,1720.0,Ashmore Asset Management Indon,1760.0,1406200
1810.0,2022-02-04,1815.0,AMOR,1750.0,Ashmore Asset Management Indon,1755.0,6535600
1850.0,2022-02-07,1970.0,AMOR,1815.0,Ashmore Asset Management Indon,1815.0,293000
1830.0,2022-02-08,1895.0,AMOR,1830.0,Ashmore Asset Management Indon,1870.0,161100
1845.0,2022-02-09,1860.0,AMOR,1830.0,Ashmore Asset Management Indon,1840.0,106900
1780.0,2022-02-10,1845.0,AMOR,1760.0,Ashmore Asset Management Indon,1800.0,414900
1765.0,2022-02-11,1785.0,AMOR,1755.0,Ashmore Asset Management Indon,1780.0,52800
1730.0,2022-02-14,1765.0,AMOR,1720.0,Ashmore Asset Management Indon,1765.0,88900
1670.0,2022-02-15,1725.0,AMOR,1650.0,Ashmore Asset Management Indon,1725.0,80500
1660.0,2022-02-16,1670.0,AMOR,1620.0,Ashmore Asset Management Indon,1670.0,85700
1675.0,2022-02-17,1690.0,AMOR,1655.0,Ashmore Asset Management Indon,1660.0,85100
1690.0,2022-02-18,1720.0,AMOR,1660.0,Ashmore Asset Management Indon,1675.0,597400
1690.0,2022-02-21,1700.0,AMOR,1690.0,Ashmore Asset Management Indon,1690.0,28100
1675.0,2022-02-22,1700.0,AMOR,1670.0,Ashmore Asset Management Indon,1690.0,15500
1680.0,2022-02-23,1685.0,AMOR,1675.0,Ashmore Asset Management Indon,1675.0,17500
1705.0,2022-02-24,1705.0,AMOR,1600.0,Ashmore Asset Management Indon,1680.0,34300
1705.0,2022-02-25,1705.0,AMOR,1665.0,Ashmore Asset Management Indon,1705.0,4500
1670.0,2022-03-01,1700.0,AMOR,1650.0,Ashmore Asset Management Indon,1700.0,6900
1655.0,2022-03-02,1700.0,AMOR,1650.0,Ashmore Asset Management Indon,1670.0,15700
1665.0,2022-03-04,1670.0,AMOR,1650.0,Ashmore Asset Management Indon,1655.0,15800
1635.0,2022-03-07,1665.0,AMOR,1630.0,Ashmore Asset Management Indon,1650.0,68400
1620.0,2022-03-08,1685.0,AMOR,1620.0,Ashmore Asset Management Indon,1635.0,24000
1615.0,2022-03-09,1620.0,AMOR,1615.0,Ashmore Asset Management Indon,1620.0,5000
1660.0,2022-03-10,1660.0,AMOR,1615.0,Ashmore Asset Management Indon,1615.0,13900
1620.0,2022-03-11,1660.0,AMOR,1610.0,Ashmore Asset Management Indon,1660.0,11200
1620.0,2022-03-14,1620.0,AMOR,1620.0,Ashmore Asset Management Indon,1620.0,0
1635.0,2022-03-15,1635.0,AMOR,1635.0,Ashmore Asset Management Indon,1635.0,10800
1660.0,2022-03-16,1680.0,AMOR,1615.0,Ashmore Asset Management Indon,1645.0,11500
1670.0,2022-03-17,1675.0,AMOR,1660.0,Ashmore Asset Management Indon,1660.0,13700
1690.0,2022-03-18,1700.0,AMOR,1670.0,Ashmore Asset Management Indon,1670.0,17000
1670.0,2022-03-21,1690.0,AMOR,1670.0,Ashmore Asset Management Indon,1690.0,3700
1670.0,2022-03-22,1670.0,AMOR,1670.0,Ashmore Asset Management Indon,1670.0,3700
1640.0,2022-03-23,1670.0,AMOR,1640.0,Ashmore Asset Management Indon,1670.0,1400
1640.0,2022-03-24,1680.0,AMOR,1640.0,Ashmore Asset Management Indon,1640.0,7000
1675.0,2022-03-25,1690.0,AMOR,1675.0,Ashmore Asset Management Indon,1680.0,1300
1675.0,2022-03-28,1675.0,AMOR,1675.0,Ashmore Asset Management Indon,1675.0,5400
1650.0,2022-03-29,1650.0,AMOR,1650.0,Ashmore Asset Management Indon,1650.0,700
1650.0,2022-03-30,1790.0,AMOR,1650.0,Ashmore Asset Management Indon,1675.0,80200
1650.0,2022-03-31,1710.0,AMOR,1650.0,Ashmore Asset Management Indon,1710.0,7900
1640.0,2022-04-01,1690.0,AMOR,1640.0,Ashmore Asset Management Indon,1655.0,4600
1640.0,2022-04-04,1640.0,AMOR,1640.0,Ashmore Asset Management Indon,1640.0,400
1640.0,2022-04-05,1650.0,AMOR,1640.0,Ashmore Asset Management Indon,1640.0,5800
1640.0,2022-04-06,1640.0,AMOR,1640.0,Ashmore Asset Management Indon,1640.0,8200
1555.0,2022-04-07,1640.0,AMOR,1530.0,Ashmore Asset Management Indon,1640.0,26000
1550.0,2022-04-08,1565.0,AMOR,1550.0,Ashmore Asset Management Indon,1555.0,10000
1515.0,2022-04-11,1550.0,AMOR,1515.0,Ashmore Asset Management Indon,1550.0,23200
1545.0,2022-04-12,1545.0,AMOR,1510.0,Ashmore Asset Management Indon,1510.0,5200
1515.0,2022-04-13,1575.0,AMOR,1515.0,Ashmore Asset Management Indon,1545.0,9400
1505.0,2022-04-14,1515.0,AMOR,1460.0,Ashmore Asset Management Indon,1515.0,37200
1530.0,2022-04-18,1540.0,AMOR,1505.0,Ashmore Asset Management Indon,1520.0,18900
1560.0,2022-04-19,1560.0,AMOR,1530.0,Ashmore Asset Management Indon,1530.0,14000
1640.0,2022-04-20,1640.0,AMOR,1570.0,Ashmore Asset Management Indon,1600.0,28600
1550.0,2022-04-21,1640.0,AMOR,1550.0,Ashmore Asset Management Indon,1630.0,46300
1545.0,2022-04-22,1550.0,AMOR,1545.0,Ashmore Asset Management Indon,1550.0,77500
1525.0,2022-04-25,1545.0,AMOR,1510.0,Ashmore Asset Management Indon,1545.0,85300
1545.0,2022-04-26,1545.0,AMOR,1520.0,Ashmore Asset Management Indon,1525.0,161800
1650.0,2022-04-27,1650.0,AMOR,1540.0,Ashmore Asset Management Indon,1540.0,37700
1610.0,2022-04-28,1650.0,AMOR,1600.0,Ashmore Asset Management Indon,1650.0,2900
1650.0,2022-05-09,1650.0,AMOR,1550.0,Ashmore Asset Management Indon,1650.0,11700
1640.0,2022-05-10,1650.0,AMOR,1590.0,Ashmore Asset Management Indon,1650.0,5700
1635.0,2022-05-11,1640.0,AMOR,1545.0,Ashmore Asset Management Indon,1640.0,1400
1680.0,2022-05-12,1700.0,AMOR,1560.0,Ashmore Asset Management Indon,1635.0,7800
1660.0,2022-05-13,1680.0,AMOR,1575.0,Ashmore Asset Management Indon,1680.0,8300
1545.0,2022-05-17,1660.0,AMOR,1545.0,Ashmore Asset Management Indon,1660.0,45600
1540.0,2022-05-18,1650.0,AMOR,1480.0,Ashmore Asset Management Indon,1545.0,33300
1595.0,2022-05-19,1600.0,AMOR,1540.0,Ashmore Asset Management Indon,1540.0,600
1645.0,2022-05-20,1650.0,AMOR,1595.0,Ashmore Asset Management Indon,1595.0,6100
1645.0,2022-05-23,1645.0,AMOR,1645.0,Ashmore Asset Management Indon,1645.0,100
1645.0,2022-05-24,1675.0,AMOR,1580.0,Ashmore Asset Management Indon,1650.0,2600
1580.0,2022-05-25,1605.0,AMOR,1530.0,Ashmore Asset Management Indon,1605.0,25700
1555.0,2022-05-27,1580.0,AMOR,1530.0,Ashmore Asset Management Indon,1570.0,3600
1550.0,2022-05-30,1555.0,AMOR,1510.0,Ashmore Asset Management Indon,1540.0,42000
1555.0,2022-05-31,1580.0,AMOR,1555.0,Ashmore Asset Management Indon,1580.0,600
1555.0,2022-06-02,1555.0,AMOR,1540.0,Ashmore Asset Management Indon,1550.0,2200
1565.0,2022-06-03,1625.0,AMOR,1520.0,Ashmore Asset Management Indon,1580.0,4400
1525.0,2022-06-06,1600.0,AMOR,1500.0,Ashmore Asset Management Indon,1600.0,12100
1525.0,2022-06-07,1545.0,AMOR,1520.0,Ashmore Asset Management Indon,1525.0,12600
1555.0,2022-06-08,1555.0,AMOR,1520.0,Ashmore Asset Management Indon,1525.0,21500
1515.0,2022-06-09,1580.0,AMOR,1515.0,Ashmore Asset Management Indon,1555.0,1900
1500.0,2022-06-10,1540.0,AMOR,1500.0,Ashmore Asset Management Indon,1515.0,9300
1480.0,2022-06-13,1490.0,AMOR,1480.0,Ashmore Asset Management Indon,1480.0,12600
1480.0,2022-06-14,1485.0,AMOR,1465.0,Ashmore Asset Management Indon,1480.0,8800
1460.0,2022-06-15,1465.0,AMOR,1430.0,Ashmore Asset Management Indon,1465.0,9400
1430.0,2022-06-16,1430.0,AMOR,1400.0,Ashmore Asset Management Indon,1410.0,13900
1435.0,2022-06-17,1440.0,AMOR,1430.0,Ashmore Asset Management Indon,1430.0,7100
1435.0,2022-06-20,1435.0,AMOR,1435.0,Ashmore Asset Management Indon,1435.0,100
1425.0,2022-06-21,1435.0,AMOR,1425.0,Ashmore Asset Management Indon,1435.0,4900
1400.0,2022-06-22,1425.0,AMOR,1400.0,Ashmore Asset Management Indon,1425.0,63400
1375.0,2022-06-23,1400.0,AMOR,1375.0,Ashmore Asset Management Indon,1400.0,23200
1375.0,2022-06-24,1375.0,AMOR,1375.0,Ashmore Asset Management Indon,1375.0,200
1410.0,2022-06-27,1430.0,AMOR,1410.0,Ashmore Asset Management Indon,1410.0,3800
1420.0,2022-06-28,1420.0,AMOR,1410.0,Ashmore Asset Management Indon,1410.0,300
1420.0,2022-06-29,1440.0,AMOR,1420.0,Ashmore Asset Management Indon,1420.0,6600
1350.0,2022-06-30,1420.0,AMOR,1350.0,Ashmore Asset Management Indon,1420.0,5500
1370.0,2022-07-01,1420.0,AMOR,1370.0,Ashmore Asset Management Indon,1370.0,10400
1375.0,2022-07-04,1375.0,AMOR,1370.0,Ashmore Asset Management Indon,1370.0,10200
1340.0,2022-07-05,1375.0,AMOR,1340.0,Ashmore Asset Management Indon,1375.0,2500
1370.0,2022-07-06,1375.0,AMOR,1340.0,Ashmore Asset Management Indon,1340.0,600
1370.0,2022-07-07,1375.0,AMOR,1370.0,Ashmore Asset Management Indon,1370.0,1200
1350.0,2022-07-08,1370.0,AMOR,1350.0,Ashmore Asset Management Indon,1370.0,300
1350.0,2022-07-11,1350.0,AMOR,1350.0,Ashmore Asset Management Indon,1350.0,0
1360.0,2022-07-12,1360.0,AMOR,1360.0,Ashmore Asset Management Indon,1360.0,100
1320.0,2022-07-13,1320.0,AMOR,1320.0,Ashmore Asset Management Indon,1320.0,1400
1330.0,2022-07-14,1330.0,AMOR,1330.0,Ashmore Asset Management Indon,1330.0,400
1335.0,2022-07-15,1335.0,AMOR,1330.0,Ashmore Asset Management Indon,1335.0,800
1360.0,2022-07-18,1360.0,AMOR,1350.0,Ashmore Asset Management Indon,1350.0,1600
1360.0,2022-07-19,1360.0,AMOR,1360.0,Ashmore Asset Management Indon,1360.0,300
1360.0,2022-07-20,1360.0,AMOR,1360.0,Ashmore Asset Management Indon,1360.0,0
1360.0,2022-07-21,1360.0,AMOR,1360.0,Ashmore Asset Management Indon,1360.0,0
1395.0,2022-07-22,1395.0,AMOR,1395.0,Ashmore Asset Management Indon,1395.0,100
1310.0,2022-07-25,1360.0,AMOR,1310.0,Ashmore Asset Management Indon,1360.0,25700
1335.0,2022-07-26,1355.0,AMOR,1310.0,Ashmore Asset Management Indon,1355.0,4500
1340.0,2022-07-27,1345.0,AMOR,1335.0,Ashmore Asset Management Indon,1335.0,7700
1360.0,2022-07-28,1360.0,AMOR,1310.0,Ashmore Asset Management Indon,1340.0,3000
1350.0,2022-07-29,1440.0,AMOR,1350.0,Ashmore Asset Management Indon,1425.0,4800
1400.0,2022-08-01,1400.0,AMOR,1370.0,Ashmore Asset Management Indon,1380.0,1500
1400.0,2022-08-02,1400.0,AMOR,1400.0,Ashmore Asset Management Indon,1400.0,2600
1400.0,2022-08-03,1400.0,AMOR,1400.0,Ashmore Asset Management Indon,1400.0,2000
1400.0,2022-08-04,1400.0,AMOR,1400.0,Ashmore Asset Management Indon,1400.0,1300
1410.0,2022-08-05,1410.0,AMOR,1410.0,Ashmore Asset Management Indon,1410.0,1100
1390.0,2022-08-08,1400.0,AMOR,1390.0,Ashmore Asset Management Indon,1400.0,200
1390.0,2022-08-09,1395.0,AMOR,1390.0,Ashmore Asset Management Indon,1390.0,9800
1375.0,2022-08-10,1390.0,AMOR,1370.0,Ashmore Asset Management Indon,1390.0,11400
1350.0,2022-08-11,1365.0,AMOR,1340.0,Ashmore Asset Management Indon,1365.0,7200
1350.0,2022-08-12,1350.0,AMOR,1350.0,Ashmore Asset Management Indon,1350.0,0
1365.0,2022-08-15,1600.0,AMOR,1350.0,Ashmore Asset Management Indon,1350.0,8300
1315.0,2022-08-16,1365.0,AMOR,1310.0,Ashmore Asset Management Indon,1365.0,5400
1330.0,2022-08-18,1330.0,AMOR,1330.0,Ashmore Asset Management Indon,1330.0,200
1410.0,2022-08-19,1410.0,AMOR,1325.0,Ashmore Asset Management Indon,1330.0,3500
1395.0,2022-08-22,1405.0,AMOR,1395.0,Ashmore Asset Management Indon,1405.0,2100
1395.0,2022-08-23,1395.0,AMOR,1320.0,Ashmore Asset Management Indon,1390.0,1100
1335.0,2022-08-24,1410.0,AMOR,1335.0,Ashmore Asset Management Indon,1410.0,6900
1345.0,2022-08-25,1350.0,AMOR,1340.0,Ashmore Asset Management Indon,1345.0,4200
1345.0,2022-08-26,1345.0,AMOR,1345.0,Ashmore Asset Management Indon,1345.0,0
1315.0,2022-08-29,1325.0,AMOR,1315.0,Ashmore Asset Management Indon,1325.0,2600
1310.0,2022-08-30,1325.0,AMOR,1285.0,Ashmore Asset Management Indon,1285.0,6100
1220.0,2022-08-31,1315.0,AMOR,1220.0,Ashmore Asset Management Indon,1315.0,33700
1305.0,2022-09-01,1320.0,AMOR,1220.0,Ashmore Asset Management Indon,1230.0,1600
1295.0,2022-09-02,1305.0,AMOR,1265.0,Ashmore Asset Management Indon,1305.0,3300
1340.0,2022-09-05,1340.0,AMOR,1295.0,Ashmore Asset Management Indon,1305.0,8100
1355.0,2022-09-06,1355.0,AMOR,1340.0,Ashmore Asset Management Indon,1345.0,3500
1345.0,2022-09-07,1355.0,AMOR,1345.0,Ashmore Asset Management Indon,1355.0,22300
1495.0,2022-09-08,1530.0,AMOR,1340.0,Ashmore Asset Management Indon,1340.0,66300
1455.0,2022-09-09,1495.0,AMOR,1415.0,Ashmore Asset Management Indon,1495.0,7100
1420.0,2022-09-12,1445.0,AMOR,1405.0,Ashmore Asset Management Indon,1445.0,6400
1420.0,2022-09-13,1420.0,AMOR,1420.0,Ashmore Asset Management Indon,1420.0,600
1405.0,2022-09-14,1405.0,AMOR,1405.0,Ashmore Asset Management Indon,1405.0,900
1400.0,2022-09-15,1405.0,AMOR,1370.0,Ashmore Asset Management Indon,1405.0,19100
1385.0,2022-09-16,1440.0,AMOR,1385.0,Ashmore Asset Management Indon,1390.0,6000
1380.0,2022-09-19,1380.0,AMOR,1350.0,Ashmore Asset Management Indon,1350.0,3200
1330.0,2022-09-20,1355.0,AMOR,1330.0,Ashmore Asset Management Indon,1350.0,134900
1320.0,2022-09-21,1350.0,AMOR,1300.0,Ashmore Asset Management Indon,1340.0,6500
1375.0,2022-09-22,1575.0,AMOR,1290.0,Ashmore Asset Management Indon,1330.0,52100
1400.0,2022-09-23,1420.0,AMOR,1290.0,Ashmore Asset Management Indon,1375.0,22500
1375.0,2022-09-26,1385.0,AMOR,1370.0,Ashmore Asset Management Indon,1385.0,800
1400.0,2022-09-27,1420.0,AMOR,1395.0,Ashmore Asset Management Indon,1400.0,600
1395.0,2022-09-28,1395.0,AMOR,1395.0,Ashmore Asset Management Indon,1395.0,500
1320.0,2022-09-29,1380.0,AMOR,1300.0,Ashmore Asset Management Indon,1375.0,48300
1295.0,2022-09-30,1320.0,AMOR,1290.0,Ashmore Asset Management Indon,1320.0,1400
1270.0,2022-10-03,1290.0,AMOR,1230.0,Ashmore Asset Management Indon,1290.0,14100
1320.0,2022-10-04,1320.0,AMOR,1300.0,Ashmore Asset Management Indon,1320.0,1400
1310.0,2022-10-05,1320.0,AMOR,1310.0,Ashmore Asset Management Indon,1320.0,2100
1305.0,2022-10-06,1310.0,AMOR,1305.0,Ashmore Asset Management Indon,1310.0,900
1300.0,2022-10-07,1300.0,AMOR,1300.0,Ashmore Asset Management Indon,1300.0,400
1290.0,2022-10-10,1300.0,AMOR,1290.0,Ashmore Asset Management Indon,1300.0,1700
1240.0,2022-10-11,1240.0,AMOR,1240.0,Ashmore Asset Management Indon,1240.0,12400
1210.0,2022-10-12,1235.0,AMOR,1210.0,Ashmore Asset Management Indon,1235.0,14200
1190.0,2022-10-13,1210.0,AMOR,1185.0,Ashmore Asset Management Indon,1210.0,9000
1190.0,2022-10-14,1190.0,AMOR,1180.0,Ashmore Asset Management Indon,1180.0,300
1190.0,2022-10-17,1230.0,AMOR,1190.0,Ashmore Asset Management Indon,1190.0,2000
1200.0,2022-10-18,1290.0,AMOR,1200.0,Ashmore Asset Management Indon,1290.0,1900
1200.0,2022-10-19,1200.0,AMOR,1200.0,Ashmore Asset Management Indon,1200.0,300
1140.0,2022-10-20,1200.0,AMOR,1140.0,Ashmore Asset Management Indon,1200.0,6300
1085.0,2022-10-21,1150.0,AMOR,1065.0,Ashmore Asset Management Indon,1145.0,240300
1090.0,2022-10-24,1165.0,AMOR,1080.0,Ashmore Asset Management Indon,1105.0,360500
1120.0,2022-10-25,1150.0,AMOR,1090.0,Ashmore Asset Management Indon,1115.0,96700
1120.0,2022-10-26,1140.0,AMOR,1090.0,Ashmore Asset Management Indon,1125.0,392300
1055.0,2022-10-27,1100.0,AMOR,1045.0,Ashmore Asset Management Indon,1085.0,291600
1050.0,2022-10-28,1075.0,AMOR,1045.0,Ashmore Asset Management Indon,1055.0,31100
1040.0,2022-10-31,1065.0,AMOR,1040.0,Ashmore Asset Management Indon,1050.0,74100
1045.0,2022-11-01,1050.0,AMOR,1030.0,Ashmore Asset Management Indon,1050.0,108200
1050.0,2022-11-02,1075.0,AMOR,1040.0,Ashmore Asset Management Indon,1075.0,96200
1055.0,2022-11-03,1055.0,AMOR,1045.0,Ashmore Asset Management Indon,1045.0,78500
1065.0,2022-11-04,1100.0,AMOR,1055.0,Ashmore Asset Management Indon,1055.0,76400
1070.0,2022-11-07,1070.0,AMOR,1060.0,Ashmore Asset Management Indon,1065.0,43700
1090.0,2022-11-08,1090.0,AMOR,1070.0,Ashmore Asset Management Indon,1070.0,22400
1115.0,2022-11-09,1115.0,AMOR,1090.0,Ashmore Asset Management Indon,1090.0,76300
1125.0,2022-11-10,1125.0,AMOR,1090.0,Ashmore Asset Management Indon,1110.0,32000
1140.0,2022-11-11,1140.0,AMOR,1115.0,Ashmore Asset Management Indon,1125.0,32400
1140.0,2022-11-14,1145.0,AMOR,1130.0,Ashmore Asset Management Indon,1140.0,56000
1160.0,2022-11-15,1165.0,AMOR,1135.0,Ashmore Asset Management Indon,1140.0,67400
1200.0,2022-11-16,1220.0,AMOR,1170.0,Ashmore Asset Management Indon,1170.0,67100
1230.0,2022-11-17,1240.0,AMOR,1200.0,Ashmore Asset Management Indon,1200.0,43800
1225.0,2022-11-18,1225.0,AMOR,1205.0,Ashmore Asset Management Indon,1220.0,107500
1205.0,2022-11-21,1240.0,AMOR,1200.0,Ashmore Asset Management Indon,1200.0,12000
1225.0,2022-11-22,1235.0,AMOR,1215.0,Ashmore Asset Management Indon,1215.0,9400
1300.0,2022-11-23,1300.0,AMOR,1225.0,Ashmore Asset Management Indon,1225.0,24900
1310.0,2022-11-24,1310.0,AMOR,1300.0,Ashmore Asset Management Indon,1300.0,11600
1310.0,2022-11-25,1315.0,AMOR,1310.0,Ashmore Asset Management Indon,1310.0,309200
1310.0,2022-11-28,1500.0,AMOR,1225.0,Ashmore Asset Management Indon,1300.0,1142800
1310.0,2022-11-29,1320.0,AMOR,1265.0,Ashmore Asset Management Indon,1265.0,270600
1320.0,2022-11-30,1330.0,AMOR,1300.0,Ashmore Asset Management Indon,1300.0,3000
1305.0,2022-12-01,1330.0,AMOR,1300.0,Ashmore Asset Management Indon,1315.0,2500
1310.0,2022-12-02,1310.0,AMOR,1305.0,Ashmore Asset Management Indon,1305.0,3100
1330.0,2022-12-05,1385.0,AMOR,1310.0,Ashmore Asset Management Indon,1310.0,39100
1345.0,2022-12-06,1355.0,AMOR,1310.0,Ashmore Asset Management Indon,1310.0,61000
1315.0,2022-12-07,1345.0,AMOR,1315.0,Ashmore Asset Management Indon,1345.0,6100
1315.0,2022-12-08,1315.0,AMOR,1315.0,Ashmore Asset Management Indon,1315.0,4400
1305.0,2022-12-09,1305.0,AMOR,1300.0,Ashmore Asset Management Indon,1300.0,2000
1310.0,2022-12-12,1345.0,AMOR,1310.0,Ashmore Asset Management Indon,1345.0,13700
1310.0,2022-12-13,1310.0,AMOR,1310.0,Ashmore Asset Management Indon,1310.0,24800
1310.0,2022-12-14,1320.0,AMOR,1305.0,Ashmore Asset Management Indon,1310.0,98900
1310.0,2022-12-15,1350.0,AMOR,1305.0,Ashmore Asset Management Indon,1305.0,58800
1310.0,2022-12-16,1325.0,AMOR,1305.0,Ashmore Asset Management Indon,1305.0,43600
1310.0,2022-12-19,1310.0,AMOR,1310.0,Ashmore Asset Management Indon,1310.0,10700
1310.0,2022-12-20,1310.0,AMOR,1310.0,Ashmore Asset Management Indon,1310.0,20900
1310.0,2022-12-21,1330.0,AMOR,1310.0,Ashmore Asset Management Indon,1330.0,46200
1310.0,2022-12-22,1310.0,AMOR,1310.0,Ashmore Asset Management Indon,1310.0,900
1310.0,2022-12-23,1350.0,AMOR,1310.0,Ashmore Asset Management Indon,1350.0,45900
1310.0,2022-12-26,1310.0,AMOR,1310.0,Ashmore Asset Management Indon,1310.0,300
1310.0,2022-12-27,1345.0,AMOR,1310.0,Ashmore Asset Management Indon,1310.0,4015500
1310.0,2022-12-28,1315.0,AMOR,1310.0,Ashmore Asset Management Indon,1315.0,1000
1335.0,2022-12-29,1340.0,AMOR,1335.0,Ashmore Asset Management Indon,1340.0,200
1335.0,2022-12-30,1335.0,AMOR,1335.0,Ashmore Asset Management Indon,1335.0,700
1315.0,2023-01-02,1345.0,AMOR,1315.0,Ashmore Asset Management Indon,1345.0,4700
1330.0,2023-01-03,1330.0,AMOR,1315.0,Ashmore Asset Management Indon,1315.0,23900
1330.0,2023-01-04,1330.0,AMOR,1330.0,Ashmore Asset Management Indon,1330.0,300
1335.0,2023-01-05,1335.0,AMOR,1315.0,Ashmore Asset Management Indon,1315.0,1164100
1320.0,2023-01-06,1340.0,AMOR,1320.0,Ashmore Asset Management Indon,1340.0,3500
1325.0,2023-01-09,1345.0,AMOR,1320.0,Ashmore Asset Management Indon,1325.0,150400
1320.0,2023-01-10,1320.0,AMOR,1320.0,Ashmore Asset Management Indon,1320.0,70300
1325.0,2023-01-11,1325.0,AMOR,1320.0,Ashmore Asset Management Indon,1320.0,70200
1330.0,2023-01-12,1330.0,AMOR,1320.0,Ashmore Asset Management Indon,1320.0,2467500
1345.0,2023-01-13,1345.0,AMOR,1325.0,Ashmore Asset Management Indon,1345.0,248300
1345.0,2023-01-16,1345.0,AMOR,1345.0,Ashmore Asset Management Indon,1345.0,687000
1345.0,2023-01-17,1345.0,AMOR,1330.0,Ashmore Asset Management Indon,1330.0,2800
1330.0,2023-01-18,1345.0,AMOR,1315.0,Ashmore Asset Management Indon,1345.0,402400
1330.0,2023-01-19,1330.0,AMOR,1330.0,Ashmore Asset Management Indon,1330.0,2500
1345.0,2023-01-20,1345.0,AMOR,1330.0,Ashmore Asset Management Indon,1330.0,3300
1340.0,2023-01-24,1340.0,AMOR,1340.0,Ashmore Asset Management Indon,1340.0,25100
1380.0,2023-01-25,1390.0,AMOR,1380.0,Ashmore Asset Management Indon,1385.0,2600
1380.0,2023-01-26,1380.0,AMOR,1340.0,Ashmore Asset Management Indon,1380.0,4400
1340.0,2023-01-27,1390.0,AMOR,1340.0,Ashmore Asset Management Indon,1355.0,9300
1410.0,2023-01-30,1450.0,AMOR,1380.0,Ashmore Asset Management Indon,1380.0,51600
1395.0,2023-01-31,1410.0,AMOR,1375.0,Ashmore Asset Management Indon,1410.0,11100
1405.0,2023-02-01,1410.0,AMOR,1405.0,Ashmore Asset Management Indon,1405.0,6600
1435.0,2023-02-02,1435.0,AMOR,1405.0,Ashmore Asset Management Indon,1430.0,23200
1440.0,2023-02-03,1445.0,AMOR,1430.0,Ashmore Asset Management Indon,1435.0,32400
1340.0,2023-02-06,1475.0,AMOR,1340.0,Ashmore Asset Management Indon,1440.0,86900
1255.0,2023-02-07,1345.0,AMOR,1250.0,Ashmore Asset Management Indon,1340.0,39800
1225.0,2023-02-08,1255.0,AMOR,1225.0,Ashmore Asset Management Indon,1255.0,62800
1140.0,2023-02-09,1225.0,AMOR,1140.0,Ashmore Asset Management Indon,1210.0,33200
1140.0,2023-02-10,1170.0,AMOR,1140.0,Ashmore Asset Management Indon,1140.0,29000
1160.0,2023-02-13,1170.0,AMOR,1125.0,Ashmore Asset Management Indon,1150.0,50900
1120.0,2023-02-14,1160.0,AMOR,1115.0,Ashmore Asset Management Indon,1120.0,26800
1115.0,2023-02-15,1140.0,AMOR,1115.0,Ashmore Asset Management Indon,1140.0,12300
1115.0,2023-02-16,1115.0,AMOR,1100.0,Ashmore Asset Management Indon,1115.0,17400
1100.0,2023-02-17,1150.0,AMOR,1095.0,Ashmore Asset Management Indon,1115.0,28000
1100.0,2023-02-20,1100.0,AMOR,1095.0,Ashmore Asset Management Indon,1100.0,36900
1100.0,2023-02-21,1105.0,AMOR,1080.0,Ashmore Asset Management Indon,1100.0,48200
1095.0,2023-02-22,1100.0,AMOR,1080.0,Ashmore Asset Management Indon,1095.0,1700
1055.0,2023-02-23,1095.0,AMOR,1030.0,Ashmore Asset Management Indon,1095.0,21300
1090.0,2023-02-24,1090.0,AMOR,1050.0,Ashmore Asset Management Indon,1055.0,11100
1100.0,2023-02-27,1100.0,AMOR,1080.0,Ashmore Asset Management Indon,1090.0,3300
1105.0,2023-02-28,1130.0,AMOR,1100.0,Ashmore Asset Management Indon,1100.0,19900
1145.0,2023-03-01,1145.0,AMOR,1105.0,Ashmore Asset Management Indon,1105.0,47200
1140.0,2023-03-02,1145.0,AMOR,1120.0,Ashmore Asset Management Indon,1145.0,1998800
1100.0,2023-03-03,1140.0,AMOR,1100.0,Ashmore Asset Management Indon,1130.0,25900
1105.0,2023-03-06,1140.0,AMOR,1050.0,Ashmore Asset Management Indon,1100.0,10700
1100.0,2023-03-07,1140.0,AMOR,1100.0,Ashmore Asset Management Indon,1105.0,22200
1075.0,2023-03-08,1100.0,AMOR,1065.0,Ashmore Asset Management Indon,1100.0,800
1100.0,2023-03-09,1100.0,AMOR,1075.0,Ashmore Asset Management Indon,1075.0,700
1100.0,2023-03-10,1135.0,AMOR,1100.0,Ashmore Asset Management Indon,1100.0,11100
1075.0,2023-03-13,1100.0,AMOR,1070.0,Ashmore Asset Management Indon,1100.0,2600
1075.0,2023-03-14,1080.0,AMOR,1075.0,Ashmore Asset Management Indon,1080.0,2100
1060.0,2023-03-15,1075.0,AMOR,1055.0,Ashmore Asset Management Indon,1075.0,6800
1055.0,2023-03-16,1065.0,AMOR,1050.0,Ashmore Asset Management Indon,1055.0,700
1065.0,2023-03-17,1100.0,AMOR,1055.0,Ashmore Asset Management Indon,1055.0,3500
1035.0,2023-03-20,1065.0,AMOR,1030.0,Ashmore Asset Management Indon,1065.0,16300
1070.0,2023-03-21,1070.0,AMOR,1035.0,Ashmore Asset Management Indon,1035.0,8200
1070.0,2023-03-24,1070.0,AMOR,1070.0,Ashmore Asset Management Indon,1070.0,1000
1095.0,2023-03-27,1100.0,AMOR,1070.0,Ashmore Asset Management Indon,1085.0,34500
1095.0,2023-03-28,1095.0,AMOR,1060.0,Ashmore Asset Management Indon,1070.0,1500
1110.0,2023-03-29,1120.0,AMOR,1090.0,Ashmore Asset Management Indon,1090.0,3300
1120.0,2023-03-30,1130.0,AMOR,1085.0,Ashmore Asset Management Indon,1120.0,211900
1120.0,2023-03-31,1120.0,AMOR,1120.0,Ashmore Asset Management Indon,1120.0,1000
1150.0,2023-04-03,1150.0,AMOR,1120.0,Ashmore Asset Management Indon,1120.0,31900
1160.0,2023-04-04,1160.0,AMOR,1120.0,Ashmore Asset Management Indon,1120.0,10200
1195.0,2023-04-05,1195.0,AMOR,1185.0,Ashmore Asset Management Indon,1185.0,19500
1190.0,2023-04-06,1205.0,AMOR,1190.0,Ashmore Asset Management Indon,1195.0,143900
1345.0,2023-04-10,1360.0,AMOR,1190.0,Ashmore Asset Management Indon,1190.0,168500
1265.0,2023-04-11,1345.0,AMOR,1255.0,Ashmore Asset Management Indon,1345.0,31000
1235.0,2023-04-12,1265.0,AMOR,1220.0,Ashmore Asset Management Indon,1265.0,107600
1240.0,2023-04-13,1240.0,AMOR,1235.0,Ashmore Asset Management Indon,1235.0,9100
1255.0,2023-04-14,1255.0,AMOR,1230.0,Ashmore Asset Management Indon,1230.0,1800
1300.0,2023-04-17,1300.0,AMOR,1230.0,Ashmore Asset Management Indon,1230.0,15400
1285.0,2023-04-18,1290.0,AMOR,1285.0,Ashmore Asset Management Indon,1290.0,110400
1275.0,2023-04-26,1285.0,AMOR,1270.0,Ashmore Asset Management Indon,1285.0,6900
1240.0,2023-04-27,1250.0,AMOR,1240.0,Ashmore Asset Management Indon,1250.0,3600
1240.0,2023-04-28,1240.0,AMOR,1240.0,Ashmore Asset Management Indon,1240.0,1000
1240.0,2023-05-02,1240.0,AMOR,1240.0,Ashmore Asset Management Indon,1240.0,6900
1240.0,2023-05-03,1240.0,AMOR,1240.0,Ashmore Asset Management Indon,1240.0,18800
1290.0,2023-05-04,1290.0,AMOR,1240.0,Ashmore Asset Management Indon,1240.0,22500
1240.0,2023-05-05,1290.0,AMOR,1240.0,Ashmore Asset Management Indon,1290.0,8400
1240.0,2023-05-08,1240.0,AMOR,1240.0,Ashmore Asset Management Indon,1240.0,300
1220.0,2023-05-09,1240.0,AMOR,1220.0,Ashmore Asset Management Indon,1240.0,13700
1225.0,2023-05-10,1225.0,AMOR,1225.0,Ashmore Asset Management Indon,1225.0,200
1225.0,2023-05-11,1225.0,AMOR,1225.0,Ashmore Asset Management Indon,1225.0,100
1225.0,2023-05-12,1225.0,AMOR,1225.0,Ashmore Asset Management Indon,1225.0,0
1215.0,2023-05-15,1230.0,AMOR,1215.0,Ashmore Asset Management Indon,1225.0,11300
1250.0,2023-05-16,1285.0,AMOR,1210.0,Ashmore Asset Management Indon,1285.0,535100
1230.0,2023-05-17,1240.0,AMOR,1230.0,Ashmore Asset Management Indon,1240.0,138500
1230.0,2023-05-19,1235.0,AMOR,1230.0,Ashmore Asset Management Indon,1230.0,38400
1230.0,2023-05-22,1230.0,AMOR,1230.0,Ashmore Asset Management Indon,1230.0,300
1230.0,2023-05-23,1230.0,AMOR,1230.0,Ashmore Asset Management Indon,1230.0,1100
1230.0,2023-05-24,1230.0,AMOR,1230.0,Ashmore Asset Management Indon,1230.0,3000
1230.0,2023-05-25,1230.0,AMOR,1230.0,Ashmore Asset Management Indon,1230.0,245500
1200.0,2023-05-26,1200.0,AMOR,1155.0,Ashmore Asset Management Indon,1200.0,6600
1145.0,2023-05-29,1205.0,AMOR,1145.0,Ashmore Asset Management Indon,1200.0,5900
1165.0,2023-05-30,1165.0,AMOR,1135.0,Ashmore Asset Management Indon,1140.0,2200
1145.0,2023-05-31,1150.0,AMOR,1145.0,Ashmore Asset Management Indon,1150.0,5200
1150.0,2023-06-05,1150.0,AMOR,1070.0,Ashmore Asset Management Indon,1085.0,5900
1175.0,2023-06-06,1185.0,AMOR,1145.0,Ashmore Asset Management Indon,1145.0,1200
1175.0,2023-06-07,1175.0,AMOR,1175.0,Ashmore Asset Management Indon,1175.0,600
1150.0,2023-06-08,1175.0,AMOR,1150.0,Ashmore Asset Management Indon,1175.0,1100
1140.0,2023-06-09,1155.0,AMOR,1140.0,Ashmore Asset Management Indon,1155.0,600
1090.0,2023-06-12,1140.0,AMOR,1040.0,Ashmore Asset Management Indon,1140.0,300
1100.0,2023-06-13,1100.0,AMOR,1100.0,Ashmore Asset Management Indon,1100.0,1300
1100.0,2023-06-14,1100.0,AMOR,1100.0,Ashmore Asset Management Indon,1100.0,0
1100.0,2023-06-15,1100.0,AMOR,1100.0,Ashmore Asset Management Indon,1100.0,0
1100.0,2023-06-16,1100.0,AMOR,1100.0,Ashmore Asset Management Indon,1100.0,0
1100.0,2023-06-19,1100.0,AMOR,1100.0,Ashmore Asset Management Indon,1100.0,0
1100.0,2023-06-20,1100.0,AMOR,1100.0,Ashmore Asset Management Indon,1100.0,0
1100.0,2023-06-21,1100.0,AMOR,1100.0,Ashmore Asset Management Indon,1100.0,200
1100.0,2023-06-22,1165.0,AMOR,1100.0,Ashmore Asset Management Indon,1105.0,700
1100.0,2023-06-23,1145.0,AMOR,1090.0,Ashmore Asset Management Indon,1130.0,2000
1150.0,2023-06-26,1150.0,AMOR,1100.0,Ashmore Asset Management Indon,1150.0,14300
1115.0,2023-06-27,1190.0,AMOR,1040.0,Ashmore Asset Management Indon,1170.0,7100
1110.0,2023-07-03,1110.0,AMOR,1110.0,Ashmore Asset Management Indon,1110.0,900
1110.0,2023-07-04,1110.0,AMOR,1110.0,Ashmore Asset Management Indon,1110.0,1500
1120.0,2023-07-05,1135.0,AMOR,1085.0,Ashmore Asset Management Indon,1130.0,6500
1100.0,2023-07-06,1110.0,AMOR,1030.0,Ashmore Asset Management Indon,1035.0,10600
1120.0,2023-07-07,1120.0,AMOR,1090.0,Ashmore Asset Management Indon,1100.0,2500
1110.0,2023-07-10,1120.0,AMOR,1110.0,Ashmore Asset Management Indon,1120.0,400
1105.0,2023-07-11,1125.0,AMOR,1105.0,Ashmore Asset Management Indon,1125.0,2900
1115.0,2023-07-12,1115.0,AMOR,1105.0,Ashmore Asset Management Indon,1105.0,200
1110.0,2023-07-13,1115.0,AMOR,1110.0,Ashmore Asset Management Indon,1115.0,1600
1115.0,2023-07-14,1115.0,AMOR,1115.0,Ashmore Asset Management Indon,1115.0,200
1130.0,2023-07-17,1130.0,AMOR,1115.0,Ashmore Asset Management Indon,1115.0,4100
1125.0,2023-07-18,1180.0,AMOR,1125.0,Ashmore Asset Management Indon,1180.0,56400
1100.0,2023-07-20,1125.0,AMOR,1005.0,Ashmore Asset Management Indon,1125.0,14000
1100.0,2023-07-21,1100.0,AMOR,1100.0,Ashmore Asset Management Indon,1100.0,6100
1095.0,2023-07-24,1250.0,AMOR,1085.0,Ashmore Asset Management Indon,1100.0,115100
1080.0,2023-07-25,1125.0,AMOR,1060.0,Ashmore Asset Management Indon,1125.0,4500
1085.0,2023-07-26,1105.0,AMOR,1055.0,Ashmore Asset Management Indon,1055.0,1000
1100.0,2023-07-27,1100.0,AMOR,1060.0,Ashmore Asset Management Indon,1060.0,700
1095.0,2023-07-28,1100.0,AMOR,1095.0,Ashmore Asset Management Indon,1095.0,400
1095.0,2023-07-31,1115.0,AMOR,1010.0,Ashmore Asset Management Indon,1090.0,20900
1105.0,2023-08-01,1115.0,AMOR,1100.0,Ashmore Asset Management Indon,1115.0,2600
1100.0,2023-08-02,1100.0,AMOR,1015.0,Ashmore Asset Management Indon,1015.0,2500
1095.0,2023-08-03,1100.0,AMOR,1015.0,Ashmore Asset Management Indon,1015.0,500
1040.0,2023-08-04,1095.0,AMOR,1040.0,Ashmore Asset Management Indon,1095.0,3100
1045.0,2023-08-07,1250.0,AMOR,1040.0,Ashmore Asset Management Indon,1095.0,65600
1045.0,2023-08-08,1110.0,AMOR,1020.0,Ashmore Asset Management Indon,1045.0,11200
1030.0,2023-08-09,1100.0,AMOR,1030.0,Ashmore Asset Management Indon,1095.0,50500
1030.0,2023-08-10,1030.0,AMOR,1030.0,Ashmore Asset Management Indon,1030.0,400
1030.0,2023-08-11,1095.0,AMOR,1030.0,Ashmore Asset Management Indon,1095.0,8400
1030.0,2023-08-14,1035.0,AMOR,1030.0,Ashmore Asset Management Indon,1030.0,16500
1030.0,2023-08-15,1030.0,AMOR,1030.0,Ashmore Asset Management Indon,1030.0,1800
1045.0,2023-08-16,1075.0,AMOR,1045.0,Ashmore Asset Management Indon,1075.0,3600
1035.0,2023-08-18,1075.0,AMOR,1035.0,Ashmore Asset Management Indon,1075.0,2300
1070.0,2023-08-21,1070.0,AMOR,1040.0,Ashmore Asset Management Indon,1040.0,200
1065.0,2023-08-22,1070.0,AMOR,1030.0,Ashmore Asset Management Indon,1070.0,8500
1030.0,2023-08-23,1065.0,AMOR,1030.0,Ashmore Asset Management Indon,1035.0,9700
1035.0,2023-08-24,1250.0,AMOR,1030.0,Ashmore Asset Management Indon,1065.0,247700
1065.0,2023-08-25,1085.0,AMOR,1025.0,Ashmore Asset Management Indon,1085.0,16400
1180.0,2023-08-28,1195.0,AMOR,1000.0,Ashmore Asset Management Indon,1040.0,48700
1100.0,2023-08-29,1200.0,AMOR,1025.0,Ashmore Asset Management Indon,1060.0,44200
1115.0,2023-08-30,1245.0,AMOR,1070.0,Ashmore Asset Management Indon,1125.0,20300
1070.0,2023-08-31,1150.0,AMOR,1000.0,Ashmore Asset Management Indon,1115.0,110400
1020.0,2023-09-01,1090.0,AMOR,1000.0,Ashmore Asset Management Indon,1075.0,26700
1035.0,2023-09-04,1065.0,AMOR,1000.0,Ashmore Asset Management Indon,1040.0,21400
1010.0,2023-09-05,1035.0,AMOR,1000.0,Ashmore Asset Management Indon,1035.0,7200
1015.0,2023-09-06,1035.0,AMOR,1010.0,Ashmore Asset Management Indon,1035.0,3600
1025.0,2023-09-07,1035.0,AMOR,1025.0,Ashmore Asset Management Indon,1035.0,1500
1015.0,2023-09-08,1030.0,AMOR,1000.0,Ashmore Asset Management Indon,1010.0,16200
1020.0,2023-09-11,1035.0,AMOR,995.0,Ashmore Asset Management Indon,1015.0,10800
1000.0,2023-09-12,1020.0,AMOR,985.0,Ashmore Asset Management Indon,1020.0,68800
1020.0,2023-09-13,1025.0,AMOR,1000.0,Ashmore Asset Management Indon,1000.0,12800
1005.0,2023-09-14,1020.0,AMOR,1005.0,Ashmore Asset Management Indon,1020.0,600
995.0,2023-09-15,1005.0,AMOR,995.0,Ashmore Asset Management Indon,1005.0,25100
995.0,2023-09-18,1020.0,AMOR,995.0,Ashmore Asset Management Indon,1020.0,12700
1000.0,2023-09-19,1000.0,AMOR,1000.0,Ashmore Asset Management Indon,1000.0,200
985.0,2023-09-20,1005.0,AMOR,975.0,Ashmore Asset Management Indon,990.0,5800
990.0,2023-09-21,990.0,AMOR,985.0,Ashmore Asset Management Indon,985.0,200
1000.0,2023-09-22,1010.0,AMOR,990.0,Ashmore Asset Management Indon,1010.0,2700
965.0,2023-09-25,1000.0,AMOR,965.0,Ashmore Asset Management Indon,1000.0,13800
935.0,2023-09-26,1000.0,AMOR,935.0,Ashmore Asset Management Indon,1000.0,27900
945.0,2023-09-27,950.0,AMOR,930.0,Ashmore Asset Management Indon,950.0,26600
930.0,2023-09-29,945.0,AMOR,930.0,Ashmore Asset Management Indon,945.0,6100
950.0,2023-10-02,980.0,AMOR,930.0,Ashmore Asset Management Indon,930.0,33900
955.0,2023-10-03,975.0,AMOR,955.0,Ashmore Asset Management Indon,960.0,11600
965.0,2023-10-04,965.0,AMOR,955.0,Ashmore Asset Management Indon,960.0,7200
985.0,2023-10-05,990.0,AMOR,985.0,Ashmore Asset Management Indon,990.0,2000
970.0,2023-10-06,985.0,AMOR,960.0,Ashmore Asset Management Indon,965.0,1600
985.0,2023-10-09,985.0,AMOR,960.0,Ashmore Asset Management Indon,960.0,3300
970.0,2023-10-10,970.0,AMOR,970.0,Ashmore Asset Management Indon,970.0,7900
970.0,2023-10-11,975.0,AMOR,970.0,Ashmore Asset Management Indon,970.0,900
985.0,2023-10-12,985.0,AMOR,970.0,Ashmore Asset Management Indon,970.0,400
975.0,2023-10-13,1020.0,AMOR,975.0,Ashmore Asset Management Indon,990.0,3600
940.0,2023-10-16,980.0,AMOR,935.0,Ashmore Asset Management Indon,980.0,30800
940.0,2023-10-17,945.0,AMOR,935.0,Ashmore Asset Management Indon,945.0,28200
965.0,2023-10-18,980.0,AMOR,940.0,Ashmore Asset Management Indon,940.0,1100
960.0,2023-10-19,965.0,AMOR,900.0,Ashmore Asset Management Indon,965.0,51800
960.0,2023-10-20,960.0,AMOR,935.0,Ashmore Asset Management Indon,955.0,500
955.0,2023-10-23,960.0,AMOR,905.0,Ashmore Asset Management Indon,960.0,42000
950.0,2023-10-24,955.0,AMOR,950.0,Ashmore Asset Management Indon,955.0,200
945.0,2023-10-25,945.0,AMOR,905.0,Ashmore Asset Management Indon,910.0,34900
920.0,2023-10-26,940.0,AMOR,920.0,Ashmore Asset Management Indon,940.0,200
920.0,2023-10-27,920.0,AMOR,920.0,Ashmore Asset Management Indon,920.0,1000
920.0,2023-10-30,920.0,AMOR,920.0,Ashmore Asset Management Indon,920.0,0
955.0,2023-10-31,955.0,AMOR,955.0,Ashmore Asset Management Indon,955.0,5000
960.0,2023-11-01,985.0,AMOR,940.0,Ashmore Asset Management Indon,980.0,11000
950.0,2023-11-02,985.0,AMOR,900.0,Ashmore Asset Management Indon,980.0,22200
985.0,2023-11-03,985.0,AMOR,950.0,Ashmore Asset Management Indon,950.0,2600
940.0,2023-11-06,940.0,AMOR,920.0,Ashmore Asset Management Indon,940.0,5400
900.0,2023-11-07,940.0,AMOR,900.0,Ashmore Asset Management Indon,940.0,3800
870.0,2023-11-08,910.0,AMOR,850.0,Ashmore Asset Management Indon,900.0,46100
860.0,2023-11-09,870.0,AMOR,860.0,Ashmore Asset Management Indon,870.0,71900
860.0,2023-11-10,860.0,AMOR,860.0,Ashmore Asset Management Indon,860.0,300
895.0,2023-11-13,900.0,AMOR,855.0,Ashmore Asset Management Indon,900.0,5300
940.0,2023-11-14,950.0,AMOR,900.0,Ashmore Asset Management Indon,900.0,10800
950.0,2023-11-15,950.0,AMOR,895.0,Ashmore Asset Management Indon,895.0,21500
975.0,2023-11-16,975.0,AMOR,920.0,Ashmore Asset Management Indon,930.0,1100
970.0,2023-11-17,970.0,AMOR,945.0,Ashmore Asset Management Indon,970.0,6000
950.0,2023-11-20,970.0,AMOR,950.0,Ashmore Asset Management Indon,950.0,7000
970.0,2023-11-21,980.0,AMOR,950.0,Ashmore Asset Management Indon,950.0,8400
985.0,2023-11-22,995.0,AMOR,975.0,Ashmore Asset Management Indon,975.0,16800
995.0,2023-11-23,995.0,AMOR,980.0,Ashmore Asset Management Indon,990.0,24200
1020.0,2023-11-24,1030.0,AMOR,990.0,Ashmore Asset Management Indon,995.0,53200
980.0,2023-11-27,995.0,AMOR,955.0,Ashmore Asset Management Indon,990.0,18500
960.0,2023-11-28,980.0,AMOR,955.0,Ashmore Asset Management Indon,980.0,2200
975.0,2023-11-29,975.0,AMOR,975.0,Ashmore Asset Management Indon,975.0,300
980.0,2023-11-30,980.0,AMOR,945.0,Ashmore Asset Management Indon,975.0,92200
955.0,2023-12-01,955.0,AMOR,950.0,Ashmore Asset Management Indon,950.0,13400
950.0,2023-12-04,960.0,AMOR,940.0,Ashmore Asset Management Indon,955.0,8800
950.0,2023-12-05,950.0,AMOR,950.0,Ashmore Asset Management Indon,950.0,1800
950.0,2023-12-06,950.0,AMOR,945.0,Ashmore Asset Management Indon,950.0,34800
975.0,2023-12-07,980.0,AMOR,950.0,Ashmore Asset Management Indon,950.0,87100
995.0,2023-12-08,995.0,AMOR,950.0,Ashmore Asset Management Indon,950.0,20700
970.0,2023-12-11,995.0,AMOR,970.0,Ashmore Asset Management Indon,995.0,10200
960.0,2023-12-12,965.0,AMOR,960.0,Ashmore Asset Management Indon,960.0,5100
965.0,2023-12-13,1000.0,AMOR,960.0,Ashmore Asset Management Indon,960.0,4200
1000.0,2023-12-14,1005.0,AMOR,970.0,Ashmore Asset Management Indon,970.0,15800
1000.0,2023-12-15,1000.0,AMOR,970.0,Ashmore Asset Management Indon,1000.0,12100
1000.0,2023-12-18,1020.0,AMOR,965.0,Ashmore Asset Management Indon,995.0,3400
990.0,2023-12-19,990.0,AMOR,990.0,Ashmore Asset Management Indon,990.0,200
1000.0,2023-12-20,1110.0,AMOR,980.0,Ashmore Asset Management Indon,1030.0,20400
1000.0,2023-12-21,1000.0,AMOR,1000.0,Ashmore Asset Management Indon,1000.0,23200
1005.0,2023-12-22,1025.0,AMOR,980.0,Ashmore Asset Management Indon,980.0,5700
985.0,2023-12-27,1035.0,AMOR,985.0,Ashmore Asset Management Indon,1005.0,2200
985.0,2023-12-28,985.0,AMOR,985.0,Ashmore Asset Management Indon,985.0,0
980.0,2023-12-29,980.0,AMOR,965.0,Ashmore Asset Management Indon,965.0,5700
1010.0,2024-01-02,1010.0,AMOR,985.0,Ashmore Asset Management Indon,985.0,2300
1000.0,2024-01-03,1000.0,AMOR,985.0,Ashmore Asset Management Indon,985.0,1800
1010.0,2024-01-04,1010.0,AMOR,985.0,Ashmore Asset Management Indon,985.0,4700
1005.0,2024-01-05,1010.0,AMOR,985.0,Ashmore Asset Management Indon,1010.0,600
1000.0,2024-01-08,1005.0,AMOR,995.0,Ashmore Asset Management Indon,995.0,7700
995.0,2024-01-09,995.0,AMOR,970.0,Ashmore Asset Management Indon,985.0,1000
995.0,2024-01-10,995.0,AMOR,975.0,Ashmore Asset Management Indon,975.0,300
1005.0,2024-01-11,1005.0,AMOR,995.0,Ashmore Asset Management Indon,995.0,200
1005.0,2024-01-12,1005.0,AMOR,1005.0,Ashmore Asset Management Indon,1005.0,900
1005.0,2024-01-15,1005.0,AMOR,1005.0,Ashmore Asset Management Indon,1005.0,0
1010.0,2024-01-16,1030.0,AMOR,980.0,Ashmore Asset Management Indon,980.0,2100
970.0,2024-01-17,1020.0,AMOR,960.0,Ashmore Asset Management Indon,1020.0,3900
980.0,2024-01-18,995.0,AMOR,975.0,Ashmore Asset Management Indon,975.0,1800
1010.0,2024-01-19,1010.0,AMOR,970.0,Ashmore Asset Management Indon,970.0,300
980.0,2024-01-22,1010.0,AMOR,980.0,Ashmore Asset Management Indon,1010.0,4800
975.0,2024-01-23,995.0,AMOR,955.0,Ashmore Asset Management Indon,955.0,2100
995.0,2024-01-24,995.0,AMOR,975.0,Ashmore Asset Management Indon,975.0,4300
1000.0,2024-01-25,1010.0,AMOR,970.0,Ashmore Asset Management Indon,975.0,900
1000.0,2024-01-26,1005.0,AMOR,1000.0,Ashmore Asset Management Indon,1005.0,2700
975.0,2024-01-29,1035.0,AMOR,970.0,Ashmore Asset Management Indon,970.0,6800
1025.0,2024-01-30,1030.0,AMOR,975.0,Ashmore Asset Management Indon,985.0,8200
1000.0,2024-01-31,1025.0,AMOR,1000.0,Ashmore Asset Management Indon,1025.0,8000
1030.0,2024-02-01,1035.0,AMOR,1025.0,Ashmore Asset Management Indon,1035.0,15600
1065.0,2024-02-02,1100.0,AMOR,1035.0,Ashmore Asset Management Indon,1035.0,64400
1095.0,2024-02-05,1105.0,AMOR,1055.0,Ashmore Asset Management Indon,1055.0,148900
1275.0,2024-02-06,1300.0,AMOR,1085.0,Ashmore Asset Management Indon,1100.0,1074000
1275.0,2024-02-07,1500.0,AMOR,1245.0,Ashmore Asset Management Indon,1275.0,2598700
1095.0,2024-02-12,1275.0,AMOR,960.0,Ashmore Asset Management Indon,1255.0,1218700
1095.0,2024-02-13,1150.0,AMOR,1095.0,Ashmore Asset Management Indon,1100.0,798000
1125.0,2024-02-15,1160.0,AMOR,1090.0,Ashmore Asset Management Indon,1095.0,656000
1100.0,2024-02-16,1130.0,AMOR,1085.0,Ashmore Asset Management Indon,1125.0,288500
990.0,2024-02-19,1100.0,AMOR,955.0,Ashmore Asset Management Indon,1100.0,136000
995.0,2024-02-20,1050.0,AMOR,995.0,Ashmore Asset Management Indon,1010.0,292900
990.0,2024-02-21,1000.0,AMOR,990.0,Ashmore Asset Management Indon,995.0,115300
1000.0,2024-02-22,1040.0,AMOR,980.0,Ashmore Asset Management Indon,1010.0,28600
995.0,2024-02-23,1030.0,AMOR,985.0,Ashmore Asset Management Indon,1005.0,28000
960.0,2024-02-26,995.0,AMOR,880.0,Ashmore Asset Management Indon,995.0,168800
965.0,2024-02-27,980.0,AMOR,955.0,Ashmore Asset Management Indon,960.0,69600
970.0,2024-02-28,970.0,AMOR,950.0,Ashmore Asset Management Indon,960.0,104200
965.0,2024-02-29,970.0,AMOR,955.0,Ashmore Asset Management Indon,970.0,119600
965.0,2024-03-01,970.0,AMOR,965.0,Ashmore Asset Management Indon,965.0,53500
965.0,2024-03-04,970.0,AMOR,960.0,Ashmore Asset Management Indon,965.0,74700
965.0,2024-03-05,965.0,AMOR,955.0,Ashmore Asset Management Indon,965.0,208500
965.0,2024-03-06,970.0,AMOR,960.0,Ashmore Asset Management Indon,960.0,12900
965.0,2024-03-07,970.0,AMOR,965.0,Ashmore Asset Management Indon,965.0,14000
965.0,2024-03-08,985.0,AMOR,965.0,Ashmore Asset Management Indon,965.0,64000
965.0,2024-03-13,975.0,AMOR,950.0,Ashmore Asset Management Indon,950.0,157000
965.0,2024-03-14,970.0,AMOR,965.0,Ashmore Asset Management Indon,970.0,6800
965.0,2024-03-15,970.0,AMOR,960.0,Ashmore Asset Management Indon,960.0,28500
970.0,2024-03-18,970.0,AMOR,960.0,Ashmore Asset Management Indon,960.0,21800
970.0,2024-03-19,970.0,AMOR,965.0,Ashmore Asset Management Indon,965.0,24400
965.0,2024-03-20,970.0,AMOR,965.0,Ashmore Asset Management Indon,970.0,4500
970.0,2024-03-21,970.0,AMOR,965.0,Ashmore Asset Management Indon,965.0,58500
970.0,2024-03-22,970.0,AMOR,960.0,Ashmore Asset Management Indon,960.0,12400
970.0,2024-03-25,970.0,AMOR,970.0,Ashmore Asset Management Indon,970.0,0
970.0,2024-03-26,970.0,AMOR,970.0,Ashmore Asset Management Indon,970.0,0
965.0,2024-03-27,970.0,AMOR,960.0,Ashmore Asset Management Indon,970.0,196700
965.0,2024-03-28,970.0,AMOR,965.0,Ashmore Asset Management Indon,970.0,8100
980.0,2024-04-01,1000.0,AMOR,965.0,Ashmore Asset Management Indon,965.0,47500
970.0,2024-04-02,980.0,AMOR,970.0,Ashmore Asset Management Indon,980.0,14000
970.0,2024-04-03,1000.0,AMOR,970.0,Ashmore Asset Management Indon,970.0,16100
970.0,2024-04-04,985.0,AMOR,970.0,Ashmore Asset Management Indon,970.0,30600
970.0,2024-04-05,980.0,AMOR,840.0,Ashmore Asset Management Indon,970.0,49500
970.0,2024-04-16,970.0,AMOR,900.0,Ashmore Asset Management Indon,970.0,64000
975.0,2024-04-17,975.0,AMOR,905.0,Ashmore Asset Management Indon,905.0,29500
975.0,2024-04-18,975.0,AMOR,970.0,Ashmore Asset Management Indon,975.0,15700
970.0,2024-04-19,975.0,AMOR,970.0,Ashmore Asset Management Indon,970.0,8200
985.0,2024-04-22,985.0,AMOR,960.0,Ashmore Asset Management Indon,960.0,47500
980.0,2024-04-23,985.0,AMOR,950.0,Ashmore Asset Management Indon,950.0,7900
975.0,2024-04-24,985.0,AMOR,970.0,Ashmore Asset Management Indon,980.0,6400
970.0,2024-04-25,985.0,AMOR,970.0,Ashmore Asset Management Indon,980.0,5600
970.0,2024-04-26,975.0,AMOR,970.0,Ashmore Asset Management Indon,970.0,35200
975.0,2024-04-29,975.0,AMOR,940.0,Ashmore Asset Management Indon,955.0,38800
975.0,2024-04-30,975.0,AMOR,970.0,Ashmore Asset Management Indon,975.0,8900
970.0,2024-05-02,985.0,AMOR,970.0,Ashmore Asset Management Indon,985.0,26200
970.0,2024-05-03,970.0,AMOR,970.0,Ashmore Asset Management Indon,970.0,60800
970.0,2024-05-06,980.0,AMOR,970.0,Ashmore Asset Management Indon,970.0,14100
970.0,2024-05-07,980.0,AMOR,970.0,Ashmore Asset Management Indon,970.0,158900
970.0,2024-05-08,970.0,AMOR,970.0,Ashmore Asset Management Indon,970.0,26200
975.0,2024-05-13,980.0,AMOR,960.0,Ashmore Asset Management Indon,970.0,144400
980.0,2024-05-14,980.0,AMOR,975.0,Ashmore Asset Management Indon,975.0,24800
975.0,2024-05-15,980.0,AMOR,975.0,Ashmore Asset Management Indon,980.0,14800
975.0,2024-05-16,975.0,AMOR,975.0,Ashmore Asset Management Indon,975.0,93800
975.0,2024-05-17,975.0,AMOR,970.0,Ashmore Asset Management Indon,975.0,1100
940.0,2024-05-20,975.0,AMOR,910.0,Ashmore Asset Management Indon,970.0,61900
940.0,2024-05-21,950.0,AMOR,910.0,Ashmore Asset Management Indon,950.0,4600
915.0,2024-05-22,940.0,AMOR,905.0,Ashmore Asset Management Indon,940.0,7100
855.0,2024-05-27,915.0,AMOR,840.0,Ashmore Asset Management Indon,915.0,69000
850.0,2024-05-28,860.0,AMOR,845.0,Ashmore Asset Management Indon,860.0,17400
840.0,2024-05-29,845.0,AMOR,750.0,Ashmore Asset Management Indon,845.0,30400
830.0,2024-05-30,830.0,AMOR,785.0,Ashmore Asset Management Indon,830.0,40000
865.0,2024-05-31,880.0,AMOR,825.0,Ashmore Asset Management Indon,830.0,15600
835.0,2024-06-03,865.0,AMOR,825.0,Ashmore Asset Management Indon,865.0,45300
825.0,2024-06-04,835.0,AMOR,805.0,Ashmore Asset Management Indon,835.0,29900
820.0,2024-06-05,820.0,AMOR,790.0,Ashmore Asset Management Indon,805.0,55400
765.0,2024-06-06,820.0,AMOR,730.0,Ashmore Asset Management Indon,810.0,50500
785.0,2024-06-07,795.0,AMOR,785.0,Ashmore Asset Management Indon,790.0,5000
770.0,2024-06-10,785.0,AMOR,770.0,Ashmore Asset Management Indon,785.0,6500
790.0,2024-06-11,960.0,AMOR,770.0,Ashmore Asset Management Indon,770.0,278500
790.0,2024-06-12,800.0,AMOR,790.0,Ashmore Asset Management Indon,800.0,10800
800.0,2024-06-13,805.0,AMOR,790.0,Ashmore Asset Management Indon,790.0,531100
815.0,2024-06-14,815.0,AMOR,800.0,Ashmore Asset Management Indon,810.0,365400
770.0,2024-06-19,820.0,AMOR,770.0,Ashmore Asset Management Indon,815.0,17800
775.0,2024-06-20,810.0,AMOR,770.0,Ashmore Asset Management Indon,775.0,4600
795.0,2024-06-21,810.0,AMOR,795.0,Ashmore Asset Management Indon,810.0,2700
795.0,2024-06-24,820.0,AMOR,790.0,Ashmore Asset Management Indon,795.0,5900
795.0,2024-06-25,795.0,AMOR,790.0,Ashmore Asset Management Indon,795.0,48700
790.0,2024-06-26,790.0,AMOR,740.0,Ashmore Asset Management Indon,790.0,13000
755.0,2024-06-27,790.0,AMOR,750.0,Ashmore Asset Management Indon,790.0,64600
765.0,2024-06-28,765.0,AMOR,755.0,Ashmore Asset Management Indon,755.0,14200
770.0,2024-07-01,775.0,AMOR,755.0,Ashmore Asset Management Indon,765.0,5500
760.0,2024-07-02,790.0,AMOR,705.0,Ashmore Asset Management Indon,790.0,43100
760.0,2024-07-03,765.0,AMOR,725.0,Ashmore Asset Management Indon,760.0,23700
765.0,2024-07-04,765.0,AMOR,760.0,Ashmore Asset Management Indon,765.0,8600
765.0,2024-07-05,765.0,AMOR,725.0,Ashmore Asset Management Indon,765.0,4000
765.0,2024-07-08,765.0,AMOR,760.0,Ashmore Asset Management Indon,760.0,8000
765.0,2024-07-09,765.0,AMOR,760.0,Ashmore Asset Management Indon,765.0,4300
765.0,2024-07-10,765.0,AMOR,760.0,Ashmore Asset Management Indon,765.0,12000
760.0,2024-07-11,765.0,AMOR,760.0,Ashmore Asset Management Indon,760.0,3700
760.0,2024-07-12,765.0,AMOR,760.0,Ashmore Asset Management Indon,760.0,11300
755.0,2024-07-15,760.0,AMOR,750.0,Ashmore Asset Management Indon,760.0,23300
760.0,2024-07-16,760.0,AMOR,730.0,Ashmore Asset Management Indon,755.0,28100
760.0,2024-07-17,760.0,AMOR,755.0,Ashmore Asset Management Indon,755.0,2800
760.0,2024-07-18,760.0,AMOR,745.0,Ashmore Asset Management Indon,760.0,5800
855.0,2024-07-19,900.0,AMOR,750.0,Ashmore Asset Management Indon,760.0,41200
770.0,2024-07-22,840.0,AMOR,750.0,Ashmore Asset Management Indon,800.0,75500
780.0,2024-07-23,790.0,AMOR,755.0,Ashmore Asset Management Indon,775.0,13500
755.0,2024-07-24,780.0,AMOR,745.0,Ashmore Asset Management Indon,780.0,26000
740.0,2024-07-25,755.0,AMOR,735.0,Ashmore Asset Management Indon,755.0,35300
740.0,2024-07-26,755.0,AMOR,740.0,Ashmore Asset Management Indon,740.0,33300
740.0,2024-07-29,740.0,AMOR,720.0,Ashmore Asset Management Indon,740.0,30300
720.0,2024-07-30,740.0,AMOR,720.0,Ashmore Asset Management Indon,740.0,75300
705.0,2024-07-31,735.0,AMOR,705.0,Ashmore Asset Management Indon,720.0,89400
700.0,2024-08-01,730.0,AMOR,700.0,Ashmore Asset Management Indon,710.0,92000
700.0,2024-08-02,710.0,AMOR,690.0,Ashmore Asset Management Indon,705.0,129300
700.0,2024-08-05,710.0,AMOR,690.0,Ashmore Asset Management Indon,705.0,54800
680.0,2024-08-06,695.0,AMOR,670.0,Ashmore Asset Management Indon,690.0,27400
685.0,2024-08-07,720.0,AMOR,670.0,Ashmore Asset Management Indon,715.0,20300
685.0,2024-08-08,690.0,AMOR,670.0,Ashmore Asset Management Indon,690.0,19100
680.0,2024-08-09,700.0,AMOR,630.0,Ashmore Asset Management Indon,665.0,42400
675.0,2024-08-12,690.0,AMOR,660.0,Ashmore Asset Management Indon,670.0,36200
655.0,2024-08-13,680.0,AMOR,655.0,Ashmore Asset Management Indon,675.0,46800
645.0,2024-08-14,670.0,AMOR,640.0,Ashmore Asset Management Indon,655.0,76000
640.0,2024-08-15,655.0,AMOR,605.0,Ashmore Asset Management Indon,645.0,94300
635.0,2024-08-16,640.0,AMOR,630.0,Ashmore Asset Management Indon,640.0,89800
625.0,2024-08-19,635.0,AMOR,620.0,Ashmore Asset Management Indon,635.0,178300
610.0,2024-08-20,625.0,AMOR,610.0,Ashmore Asset Management Indon,625.0,135200
610.0,2024-08-21,650.0,AMOR,610.0,Ashmore Asset Management Indon,635.0,92000
620.0,2024-08-22,635.0,AMOR,605.0,Ashmore Asset Management Indon,620.0,82700
635.0,2024-08-23,650.0,AMOR,610.0,Ashmore Asset Management Indon,610.0,188000
645.0,2024-08-26,650.0,AMOR,635.0,Ashmore Asset Management Indon,640.0,128500
650.0,2024-08-27,655.0,AMOR,640.0,Ashmore Asset Management Indon,655.0,130600
650.0,2024-08-28,655.0,AMOR,645.0,Ashmore Asset Management Indon,650.0,22800
655.0,2024-08-29,665.0,AMOR,650.0,Ashmore Asset Management Indon,660.0,36400
660.0,2024-08-30,675.0,AMOR,655.0,Ashmore Asset Management Indon,660.0,21900
665.0,2024-09-02,665.0,AMOR,655.0,Ashmore Asset Management Indon,660.0,22900
670.0,2024-09-03,685.0,AMOR,660.0,Ashmore Asset Management Indon,670.0,12300
685.0,2024-09-04,690.0,AMOR,660.0,Ashmore Asset Management Indon,670.0,22200
685.0,2024-09-05,690.0,AMOR,670.0,Ashmore Asset Management Indon,675.0,28800
715.0,2024-09-06,715.0,AMOR,680.0,Ashmore Asset Management Indon,690.0,49800
715.0,2024-09-09,755.0,AMOR,700.0,Ashmore Asset Management Indon,715.0,98600
725.0,2024-09-10,750.0,AMOR,715.0,Ashmore Asset Management Indon,715.0,58300
745.0,2024-09-11,750.0,AMOR,725.0,Ashmore Asset Management Indon,735.0,21000
725.0,2024-09-12,750.0,AMOR,725.0,Ashmore Asset Management Indon,730.0,76500
880.0,2024-09-13,895.0,AMOR,705.0,Ashmore Asset Management Indon,730.0,535300
815.0,2024-09-17,825.0,AMOR,750.0,Ashmore Asset Management Indon,765.0,350400
810.0,2024-09-18,825.0,AMOR,770.0,Ashmore Asset Management Indon,815.0,188800
775.0,2024-09-19,810.0,AMOR,770.0,Ashmore Asset Management Indon,810.0,119000
765.0,2024-09-20,800.0,AMOR,755.0,Ashmore Asset Management Indon,790.0,183100
770.0,2024-09-23,790.0,AMOR,765.0,Ashmore Asset Management Indon,765.0,54800
775.0,2024-09-24,780.0,AMOR,765.0,Ashmore Asset Management Indon,770.0,19500
780.0,2024-09-25,795.0,AMOR,775.0,Ashmore Asset Management Indon,780.0,27700
770.0,2024-09-26,790.0,AMOR,770.0,Ashmore Asset Management Indon,775.0,28500
770.0,2024-09-27,790.0,AMOR,770.0,Ashmore Asset Management Indon,770.0,26800
760.0,2024-09-30,790.0,AMOR,750.0,Ashmore Asset Management Indon,770.0,26500
775.0,2024-10-01,785.0,AMOR,760.0,Ashmore Asset Management Indon,770.0,11100
780.0,2024-10-02,825.0,AMOR,750.0,Ashmore Asset Management Indon,765.0,204700
785.0,2024-10-03,795.0,AMOR,770.0,Ashmore Asset Management Indon,770.0,145700
760.0,2024-10-04,790.0,AMOR,760.0,Ashmore Asset Management Indon,790.0,18400
780.0,2024-10-07,790.0,AMOR,770.0,Ashmore Asset Management Indon,785.0,23500
790.0,2024-10-08,800.0,AMOR,760.0,Ashmore Asset Management Indon,780.0,147900
775.0,2024-10-09,790.0,AMOR,775.0,Ashmore Asset Management Indon,790.0,15600
780.0,2024-10-10,795.0,AMOR,775.0,Ashmore Asset Management Indon,790.0,78500
785.0,2024-10-11,790.0,AMOR,775.0,Ashmore Asset Management Indon,790.0,16000
780.0,2024-10-14,790.0,AMOR,780.0,Ashmore Asset Management Indon,785.0,24300
780.0,2024-10-15,790.0,AMOR,775.0,Ashmore Asset Management Indon,790.0,10000
790.0,2024-10-16,790.0,AMOR,740.0,Ashmore Asset Management Indon,785.0,35800
790.0,2024-10-17,790.0,AMOR,765.0,Ashmore Asset Management Indon,785.0,31800
785.0,2024-10-18,790.0,AMOR,785.0,Ashmore Asset Management Indon,790.0,4700
790.0,2024-10-21,790.0,AMOR,775.0,Ashmore Asset Management Indon,785.0,56400
870.0,2024-10-22,900.0,AMOR,790.0,Ashmore Asset Management Indon,790.0,941200
925.0,2024-10-23,1040.0,AMOR,850.0,Ashmore Asset Management Indon,900.0,840300
940.0,2024-10-24,975.0,AMOR,900.0,Ashmore Asset Management Indon,930.0,478400
1010.0,2024-10-25,1020.0,AMOR,945.0,Ashmore Asset Management Indon,945.0,1220200
870.0,2024-10-28,1010.0,AMOR,835.0,Ashmore Asset Management Indon,1000.0,155500
850.0,2024-10-29,900.0,AMOR,850.0,Ashmore Asset Management Indon,880.0,120700
830.0,2024-10-30,845.0,AMOR,795.0,Ashmore Asset Management Indon,840.0,160900
825.0,2024-10-31,845.0,AMOR,805.0,Ashmore Asset Management Indon,840.0,74700
795.0,2024-11-01,825.0,AMOR,770.0,Ashmore Asset Management Indon,820.0,45500
800.0,2024-11-04,820.0,AMOR,770.0,Ashmore Asset Management Indon,795.0,13600
815.0,2024-11-05,815.0,AMOR,790.0,Ashmore Asset Management Indon,800.0,11000
775.0,2024-11-06,815.0,AMOR,750.0,Ashmore Asset Management Indon,815.0,51700
775.0,2024-11-07,805.0,AMOR,775.0,Ashmore Asset Management Indon,805.0,48600
765.0,2024-11-08,805.0,AMOR,750.0,Ashmore Asset Management Indon,775.0,25900
770.0,2024-11-11,795.0,AMOR,750.0,Ashmore Asset Management Indon,765.0,20700
775.0,2024-11-12,790.0,AMOR,765.0,Ashmore Asset Management Indon,770.0,13500
775.0,2024-11-13,790.0,AMOR,775.0,Ashmore Asset Management Indon,780.0,3500
770.0,2024-11-14,790.0,AMOR,770.0,Ashmore Asset Management Indon,775.0,27800
760.0,2024-11-15,790.0,AMOR,755.0,Ashmore Asset Management Indon,790.0,2700
730.0,2024-11-18,790.0,AMOR,730.0,Ashmore Asset Management Indon,765.0,16200
720.0,2024-11-19,735.0,AMOR,720.0,Ashmore Asset Management Indon,735.0,135900
690.0,2024-11-20,720.0,AMOR,680.0,Ashmore Asset Management Indon,720.0,35300
715.0,2024-11-21,715.0,AMOR,700.0,Ashmore Asset Management Indon,715.0,7100
720.0,2024-11-22,720.0,AMOR,710.0,Ashmore Asset Management Indon,715.0,6600
700.0,2024-11-25,720.0,AMOR,700.0,Ashmore Asset Management Indon,720.0,29600
695.0,2024-11-26,715.0,AMOR,695.0,Ashmore Asset Management Indon,700.0,13500
700.0,2024-11-28,700.0,AMOR,695.0,Ashmore Asset Management Indon,700.0,13300
700.0,2024-11-29,710.0,AMOR,690.0,Ashmore Asset Management Indon,700.0,6800
670.0,2024-12-02,710.0,AMOR,670.0,Ashmore Asset Management Indon,705.0,13700
695.0,2024-12-03,735.0,AMOR,670.0,Ashmore Asset Management Indon,670.0,11800
690.0,2024-12-04,705.0,AMOR,690.0,Ashmore Asset Management Indon,695.0,16000
670.0,2024-12-05,700.0,AMOR,670.0,Ashmore Asset Management Indon,695.0,11300
660.0,2024-12-06,700.0,AMOR,660.0,Ashmore Asset Management Indon,670.0,33000
690.0,2024-12-09,700.0,AMOR,660.0,Ashmore Asset Management Indon,660.0,40200
685.0,2024-12-10,700.0,AMOR,670.0,Ashmore Asset Management Indon,685.0,11300
700.0,2024-12-11,700.0,AMOR,685.0,Ashmore Asset Management Indon,695.0,81300
685.0,2024-12-12,720.0,AMOR,685.0,Ashmore Asset Management Indon,720.0,30200
705.0,2024-12-13,710.0,AMOR,690.0,Ashmore Asset Management Indon,710.0,7200
710.0,2024-12-16,720.0,AMOR,695.0,Ashmore Asset Management Indon,705.0,77500
700.0,2024-12-17,710.0,AMOR,685.0,Ashmore Asset Management Indon,695.0,22900
685.0,2024-12-18,700.0,AMOR,650.0,Ashmore Asset Management Indon,690.0,11800
690.0,2024-12-19,690.0,AMOR,670.0,Ashmore Asset Management Indon,685.0,3900
700.0,2024-12-20,730.0,AMOR,620.0,Ashmore Asset Management Indon,690.0,41500
655.0,2024-12-23,700.0,AMOR,615.0,Ashmore Asset Management Indon,700.0,155000
655.0,2024-12-24,655.0,AMOR,625.0,Ashmore Asset Management Indon,655.0,16700
655.0,2024-12-27,685.0,AMOR,655.0,Ashmore Asset Management Indon,660.0,17000
685.0,2024-12-30,700.0,AMOR,665.0,Ashmore Asset Management Indon,665.0,19300
680.0,2025-01-02,700.0,AMOR,670.0,Ashmore Asset Management Indon,685.0,31100
665.0,2025-01-03,690.0,AMOR,640.0,Ashmore Asset Management Indon,690.0,61900
685.0,2025-01-06,695.0,AMOR,660.0,Ashmore Asset Management Indon,665.0,50700
680.0,2025-01-07,685.0,AMOR,655.0,Ashmore Asset Management Indon,680.0,10000
680.0,2025-01-08,695.0,AMOR,680.0,Ashmore Asset Management Indon,695.0,11400
720.0,2025-01-09,850.0,AMOR,685.0,Ashmore Asset Management Indon,685.0,352000
690.0,2025-01-10,765.0,AMOR,680.0,Ashmore Asset Management Indon,720.0,337900
675.0,2025-01-13,690.0,AMOR,665.0,Ashmore Asset Management Indon,680.0,55700
680.0,2025-01-14,690.0,AMOR,615.0,Ashmore Asset Management Indon,615.0,49100
680.0,2025-01-15,690.0,AMOR,670.0,Ashmore Asset Management Indon,690.0,59400
680.0,2025-01-16,690.0,AMOR,675.0,Ashmore Asset Management Indon,675.0,71200
675.0,2025-01-17,680.0,AMOR,675.0,Ashmore Asset Management Indon,680.0,87100
680.0,2025-01-20,680.0,AMOR,675.0,Ashmore Asset Management Indon,675.0,65600
680.0,2025-01-21,680.0,AMOR,675.0,Ashmore Asset Management Indon,680.0,68700
675.0,2025-01-22,680.0,AMOR,675.0,Ashmore Asset Management Indon,680.0,32100
675.0,2025-01-23,680.0,AMOR,670.0,Ashmore Asset Management Indon,675.0,34800
670.0,2025-01-24,800.0,AMOR,625.0,Ashmore Asset Management Indon,675.0,500900
675.0,2025-01-30,700.0,AMOR,670.0,Ashmore Asset Management Indon,670.0,104900
680.0,2025-01-31,680.0,AMOR,675.0,Ashmore Asset Management Indon,680.0,875600
680.0,2025-02-03,680.0,AMOR,675.0,Ashmore Asset Management Indon,680.0,175600
680.0,2025-02-04,680.0,AMOR,670.0,Ashmore Asset Management Indon,680.0,314900
665.0,2025-02-05,680.0,AMOR,660.0,Ashmore Asset Management Indon,680.0,244500
645.0,2025-02-06,680.0,AMOR,600.0,Ashmore Asset Management Indon,680.0,304700
640.0,2025-02-07,675.0,AMOR,630.0,Ashmore Asset Management Indon,655.0,369100
575.0,2025-02-10,635.0,AMOR,550.0,Ashmore Asset Management Indon,635.0,451200
570.0,2025-02-11,600.0,AMOR,560.0,Ashmore Asset Management Indon,580.0,88100
560.0,2025-02-12,570.0,AMOR,500.0,Ashmore Asset Management Indon,570.0,114500
555.0,2025-02-13,565.0,AMOR,530.0,Ashmore Asset Management Indon,565.0,55200
530.0,2025-02-14,560.0,AMOR,510.0,Ashmore Asset Management Indon,540.0,60100
560.0,2025-02-17,560.0,AMOR,535.0,Ashmore Asset Management Indon,540.0,105300
560.0,2025-02-18,570.0,AMOR,560.0,Ashmore Asset Management Indon,560.0,34000
560.0,2025-02-19,575.0,AMOR,555.0,Ashmore Asset Management Indon,560.0,9900
575.0,2025-02-20,580.0,AMOR,550.0,Ashmore Asset Management Indon,560.0,31300
570.0,2025-02-21,575.0,AMOR,550.0,Ashmore Asset Management Indon,575.0,33800
545.0,2025-02-24,570.0,AMOR,525.0,Ashmore Asset Management Indon,570.0,63900
540.0,2025-02-25,560.0,AMOR,530.0,Ashmore Asset Management Indon,545.0,14700
550.0,2025-02-26,560.0,AMOR,525.0,Ashmore Asset Management Indon,530.0,10500
550.0,2025-02-27,550.0,AMOR,525.0,Ashmore Asset Management Indon,550.0,22500
545.0,2025-02-28,550.0,AMOR,545.0,Ashmore Asset Management Indon,550.0,49000
545.0,2025-03-03,560.0,AMOR,525.0,Ashmore Asset Management Indon,545.0,13200
545.0,2025-03-04,550.0,AMOR,535.0,Ashmore Asset Management Indon,545.0,16400
540.0,2025-03-05,550.0,AMOR,530.0,Ashmore Asset Management Indon,530.0,11000
545.0,2025-03-06,545.0,AMOR,510.0,Ashmore Asset Management Indon,540.0,38400
540.0,2025-03-07,550.0,AMOR,530.0,Ashmore Asset Management Indon,535.0,14600
540.0,2025-03-10,550.0,AMOR,530.0,Ashmore Asset Management Indon,545.0,7800
545.0,2025-03-11,565.0,AMOR,535.0,Ashmore Asset Management Indon,535.0,15900
530.0,2025-03-12,545.0,AMOR,530.0,Ashmore Asset Management Indon,545.0,24800
540.0,2025-03-13,545.0,AMOR,540.0,Ashmore Asset Management Indon,545.0,43600
530.0,2025-03-14,540.0,AMOR,530.0,Ashmore Asset Management Indon,540.0,10800
525.0,2025-03-17,540.0,AMOR,525.0,Ashmore Asset Management Indon,535.0,5000
535.0,2025-03-18,540.0,AMOR,505.0,Ashmore Asset Management Indon,540.0,32400
510.0,2025-03-19,535.0,AMOR,494.0,Ashmore Asset Management Indon,535.0,101500
490.0,2025-03-20,510.0,AMOR,486.0,Ashmore Asset Management Indon,505.0,188300
486.0,2025-03-21,500.0,AMOR,480.0,Ashmore Asset Management Indon,490.0,52000
480.0,2025-03-24,486.0,AMOR,440.0,Ashmore Asset Management Indon,486.0,45400
482.0,2025-03-25,484.0,AMOR,480.0,Ashmore Asset Management Indon,480.0,9800
486.0,2025-03-26,486.0,AMOR,466.0,Ashmore Asset Management Indon,484.0,10800
494.0,2025-03-27,496.0,AMOR,484.0,Ashmore Asset Management Indon,486.0,15400
490.0,2025-04-08,565.0,AMOR,480.0,Ashmore Asset Management Indon,480.0,131400
505.0,2025-04-09,530.0,AMOR,490.0,Ashmore Asset Management Indon,490.0,22600
505.0,2025-04-10,510.0,AMOR,492.0,Ashmore Asset Management Indon,505.0,32300
505.0,2025-04-11,505.0,AMOR,482.0,Ashmore Asset Management Indon,505.0,10500
500.0,2025-04-14,515.0,AMOR,498.0,Ashmore Asset Management Indon,498.0,12100
505.0,2025-04-15,520.0,AMOR,496.0,Ashmore Asset Management Indon,500.0,9800
515.0,2025-04-16,530.0,AMOR,498.0,Ashmore Asset Management Indon,500.0,11800
505.0,2025-04-17,525.0,AMOR,500.0,Ashmore Asset Management Indon,520.0,32900
505.0,2025-04-21,515.0,AMOR,500.0,Ashmore Asset Management Indon,505.0,12500
505.0,2025-04-22,510.0,AMOR,500.0,Ashmore Asset Management Indon,505.0,12500
520.0,2025-04-23,520.0,AMOR,510.0,Ashmore Asset Management Indon,520.0,7700
515.0,2025-04-24,520.0,AMOR,510.0,Ashmore Asset Management Indon,520.0,15600
540.0,2025-04-25,570.0,AMOR,530.0,Ashmore Asset Management Indon,540.0,26300
540.0,2025-04-28,540.0,AMOR,535.0,Ashmore Asset Management Indon,540.0,9900
530.0,2025-04-29,575.0,AMOR,530.0,Ashmore Asset Management Indon,545.0,23300
540.0,2025-04-30,570.0,AMOR,540.0,Ashmore Asset Management Indon,570.0,38400
550.0,2025-05-02,565.0,AMOR,540.0,Ashmore Asset Management Indon,545.0,6500
560.0,2025-05-05,590.0,AMOR,545.0,Ashmore Asset Management Indon,550.0,15100
555.0,2025-05-06,565.0,AMOR,555.0,Ashmore Asset Management Indon,560.0,6000
555.0,2025-05-07,565.0,AMOR,545.0,Ashmore Asset Management Indon,560.0,10500
545.0,2025-05-08,560.0,AMOR,540.0,Ashmore Asset Management Indon,550.0,6100
555.0,2025-05-09,560.0,AMOR,545.0,Ashmore Asset Management Indon,560.0,3700
560.0,2025-05-14,565.0,AMOR,555.0,Ashmore Asset Management Indon,555.0,14300
555.0,2025-05-15,575.0,AMOR,550.0,Ashmore Asset Management Indon,565.0,61700
545.0,2025-05-16,565.0,AMOR,545.0,Ashmore Asset Management Indon,555.0,75700
550.0,2025-05-19,565.0,AMOR,545.0,Ashmore Asset Management Indon,545.0,97500
540.0,2025-05-20,560.0,AMOR,540.0,Ashmore Asset Management Indon,550.0,19300
540.0,2025-05-21,550.0,AMOR,535.0,Ashmore Asset Management Indon,540.0,78300
535.0,2025-05-22,545.0,AMOR,525.0,Ashmore Asset Management Indon,540.0,76000
535.0,2025-05-23,545.0,AMOR,530.0,Ashmore Asset Management Indon,545.0,24400
535.0,2025-05-26,540.0,AMOR,535.0,Ashmore Asset Management Indon,535.0,132200
530.0,2025-05-27,535.0,AMOR,525.0,Ashmore Asset Management Indon,535.0,79600
530.0,2025-05-28,530.0,AMOR,525.0,Ashmore Asset Management Indon,525.0,270400
525.0,2025-06-02,530.0,AMOR,520.0,Ashmore Asset Management Indon,525.0,151700
525.0,2025-06-03,525.0,AMOR,515.0,Ashmore Asset Management Indon,520.0,250000
520.0,2025-06-04,525.0,AMOR,520.0,Ashmore Asset Management Indon,525.0,247300
520.0,2025-06-05,525.0,AMOR,505.0,Ashmore Asset Management Indon,525.0,223100
505.0,2025-06-10,525.0,AMOR,500.0,Ashmore Asset Management Indon,515.0,367600
505.0,2025-06-11,510.0,AMOR,505.0,Ashmore Asset Management Indon,510.0,189600
505.0,2025-06-12,510.0,AMOR,500.0,Ashmore Asset Management Indon,505.0,200000
505.0,2025-06-13,510.0,AMOR,500.0,Ashmore Asset Management Indon,505.0,166300
510.0,2025-06-16,515.0,AMOR,505.0,Ashmore Asset Management Indon,510.0,15900
505.0,2025-06-17,510.0,AMOR,505.0,Ashmore Asset Management Indon,505.0,154700
515.0,2025-06-18,515.0,AMOR,510.0,Ashmore Asset Management Indon,515.0,11900
515.0,2025-06-19,520.0,AMOR,515.0,Ashmore Asset Management Indon,515.0,207700
520.0,2025-06-20,520.0,AMOR,515.0,Ashmore Asset Management Indon,515.0,19500
515.0,2025-06-23,520.0,AMOR,515.0,Ashmore Asset Management Indon,520.0,152600
520.0,2025-06-24,520.0,AMOR,515.0,Ashmore Asset Management Indon,515.0,14800
515.0,2025-06-25,530.0,AMOR,515.0,Ashmore Asset Management Indon,530.0,108000
520.0,2025-06-26,520.0,AMOR,515.0,Ashmore Asset Management Indon,515.0,13500
525.0,2025-06-30,535.0,AMOR,520.0,Ashmore Asset Management Indon,520.0,22800
535.0,2025-07-01,540.0,AMOR,525.0,Ashmore Asset Management Indon,525.0,65900
535.0,2025-07-02,560.0,AMOR,535.0,Ashmore Asset Management Indon,555.0,283400
535.0,2025-07-03,535.0,AMOR,530.0,Ashmore Asset Management Indon,535.0,206500
520.0,2025-07-04,530.0,AMOR,515.0,Ashmore Asset Management Indon,525.0,48600
510.0,2025-07-07,520.0,AMOR,510.0,Ashmore Asset Management Indon,520.0,23100
515.0,2025-07-08,515.0,AMOR,505.0,Ashmore Asset Management Indon,510.0,8700
515.0,2025-07-09,520.0,AMOR,500.0,Ashmore Asset Management Indon,515.0,42600
515.0,2025-07-10,515.0,AMOR,510.0,Ashmore Asset Management Indon,515.0,19600
515.0,2025-07-11,520.0,AMOR,510.0,Ashmore Asset Management Indon,515.0,15500
510.0,2025-07-14,525.0,AMOR,510.0,Ashmore Asset Management Indon,525.0,7900
515.0,2025-07-15,520.0,AMOR,510.0,Ashmore Asset Management Indon,520.0,42600
510.0,2025-07-16,515.0,AMOR,510.0,Ashmore Asset Management Indon,515.0,51100
515.0,2025-07-17,515.0,AMOR,510.0,Ashmore Asset Management Indon,515.0,12100
520.0,2025-07-18,520.0,AMOR,515.0,Ashmore Asset Management Indon,520.0,5800
515.0,2025-07-21,515.0,AMOR,500.0,Ashmore Asset Management Indon,510.0,59400
510.0,2025-07-22,515.0,AMOR,505.0,Ashmore Asset Management Indon,515.0,24600
515.0,2025-07-23,520.0,AMOR,510.0,Ashmore Asset Management Indon,510.0,11800
510.0,2025-07-24,515.0,AMOR,505.0,Ashmore Asset Management Indon,515.0,46200
515.0,2025-07-25,515.0,AMOR,505.0,Ashmore Asset Management Indon,515.0,9900
515.0,2025-07-28,515.0,AMOR,510.0,Ashmore Asset Management Indon,515.0,130400
515.0,2025-07-29,515.0,AMOR,510.0,Ashmore Asset Management Indon,510.0,14100
515.0,2025-07-30,515.0,AMOR,505.0,Ashmore Asset Management Indon,515.0,5600
510.0,2025-07-31,515.0,AMOR,510.0,Ashmore Asset Management Indon,515.0,134600
515.0,2025-08-01,515.0,AMOR,510.0,Ashmore Asset Management Indon,510.0,27300
510.0,2025-08-04,515.0,AMOR,505.0,Ashmore Asset Management Indon,515.0,34900
505.0,2025-08-05,515.0,AMOR,505.0,Ashmore Asset Management Indon,510.0,16400
520.0,2025-08-06,535.0,AMOR,505.0,Ashmore Asset Management Indon,505.0,95300
515.0,2025-08-07,520.0,AMOR,510.0,Ashmore Asset Management Indon,520.0,28200
515.0,2025-08-08,515.0,AMOR,500.0,Ashmore Asset Management Indon,505.0,18200
505.0,2025-08-11,515.0,AMOR,500.0,Ashmore Asset Management Indon,515.0,114700
505.0,2025-08-12,515.0,AMOR,505.0,Ashmore Asset Management Indon,515.0,28600
505.0,2025-08-13,510.0,AMOR,505.0,Ashmore Asset Management Indon,505.0,217100
510.0,2025-08-14,510.0,AMOR,505.0,Ashmore Asset Management Indon,510.0,96800
510.0,2025-08-15,510.0,AMOR,505.0,Ashmore Asset Management Indon,505.0,37900
None,2025-08-18,None,AMOR,None,Ashmore Asset Management Indon,None,None
510.0,2025-08-19,510.0,AMOR,505.0,Ashmore Asset Management Indon,510.0,33000
488.0,2025-08-20,525.0,AMOR,480.0,Ashmore Asset Management Indon,525.0,442000
498.0,2025-08-21,500.0,AMOR,492.0,Ashmore Asset Management Indon,498.0,50800
494.0,2025-08-22,500.0,AMOR,494.0,Ashmore Asset Management Indon,498.0,62500
498.0,2025-08-25,500.0,AMOR,492.0,Ashmore Asset Management Indon,494.0,141000
500.0,2025-08-26,510.0,AMOR,496.0,Ashmore Asset Management Indon,498.0,220700
496.0,2025-08-27,500.0,AMOR,494.0,Ashmore Asset Management Indon,500.0,100600
490.0,2025-08-28,494.0,AMOR,488.0,Ashmore Asset Management Indon,494.0,184200
480.0,2025-08-29,492.0,AMOR,472.0,Ashmore Asset Management Indon,490.0,186900
476.0,2025-09-01,478.0,AMOR,472.0,Ashmore Asset Management Indon,478.0,91600
474.0,2025-09-02,478.0,AMOR,472.0,Ashmore Asset Management Indon,476.0,205500
478.0,2025-09-03,478.0,AMOR,472.0,Ashmore Asset Management Indon,474.0,96600
478.0,2025-09-04,478.0,AMOR,476.0,Ashmore Asset Management Indon,478.0,82100
None,2025-09-05,None,AMOR,None,Ashmore Asset Management Indon,None,None
474.0,2025-09-08,478.0,AMOR,474.0,Ashmore Asset Management Indon,478.0,75200
470.0,2025-09-09,492.0,AMOR,468.0,Ashmore Asset Management Indon,474.0,198200
466.0,2025-09-10,470.0,AMOR,466.0,Ashmore Asset Management Indon,470.0,102900
466.0,2025-09-11,468.0,AMOR,460.0,Ashmore Asset Management Indon,468.0,333000
466.0,2025-09-12,470.0,AMOR,464.0,Ashmore Asset Management Indon,466.0,123100
472.0,2025-09-15,496.0,AMOR,466.0,Ashmore Asset Management Indon,466.0,118000
470.0,2025-09-16,472.0,AMOR,468.0,Ashmore Asset Management Indon,472.0,59400
464.0,2025-09-17,470.0,AMOR,462.0,Ashmore Asset Management Indon,470.0,103700
468.0,2025-09-18,470.0,AMOR,466.0,Ashmore Asset Management Indon,470.0,66500
468.0,2025-09-19,478.0,AMOR,460.0,Ashmore Asset Management Indon,470.0,86600
468.0,2025-09-22,468.0,AMOR,466.0,Ashmore Asset Management Indon,468.0,74200
466.0,2025-09-23,468.0,AMOR,464.0,Ashmore Asset Management Indon,468.0,240600
462.0,2025-09-24,466.0,AMOR,460.0,Ashmore Asset Management Indon,466.0,131700
458.0,2025-09-25,464.0,AMOR,448.0,Ashmore Asset Management Indon,462.0,152500
450.0,2025-09-26,458.0,AMOR,446.0,Ashmore Asset Management Indon,458.0,199500
None,2025-09-29,None,AMOR,None,Ashmore Asset Management Indon,None,None
None,2025-09-30,None,AMOR,None,Ashmore Asset Management Indon,None,None
458.0,2025-10-01,482.0,AMOR,454.0,Ashmore Asset Management Indon,454.0,331400
454.0,2025-10-02,460.0,AMOR,454.0,Ashmore Asset Management Indon,458.0,79100
450.0,2025-10-03,462.0,AMOR,448.0,Ashmore Asset Management Indon,456.0,72500
450.0,2025-10-06,456.0,AMOR,448.0,Ashmore Asset Management Indon,454.0,128500
450.0,2025-10-07,452.0,AMOR,444.0,Ashmore Asset Management Indon,450.0,150200
448.0,2025-10-08,460.0,AMOR,444.0,Ashmore Asset Management Indon,460.0,74800
442.0,2025-10-09,448.0,AMOR,440.0,Ashmore Asset Management Indon,448.0,244600
440.0,2025-10-10,444.0,AMOR,438.0,Ashmore Asset Management Indon,442.0,205200
436.0,2025-10-13,444.0,AMOR,434.0,Ashmore Asset Management Indon,438.0,214400
430.0,2025-10-14,440.0,AMOR,428.0,Ashmore Asset Management Indon,436.0,443500
428.0,2025-10-15,430.0,AMOR,426.0,Ashmore Asset Management Indon,428.0,92800
424.0,2025-10-16,432.0,AMOR,420.0,Ashmore Asset Management Indon,428.0,115000
420.0,2025-10-17,438.0,AMOR,420.0,Ashmore Asset Management Indon,424.0,2157400
422.0,2025-10-20,430.0,AMOR,420.0,Ashmore Asset Management Indon,430.0,169100
422.0,2025-10-21,424.0,AMOR,418.0,Ashmore Asset Management Indon,422.0,884300
418.0,2025-10-22,422.0,AMOR,418.0,Ashmore Asset Management Indon,422.0,326900
420.0,2025-10-23,436.0,AMOR,418.0,Ashmore Asset Management Indon,420.0,342300
420.0,2025-10-24,426.0,AMOR,418.0,Ashmore Asset Management Indon,420.0,203300
420.0,2025-10-27,426.0,AMOR,418.0,Ashmore Asset Management Indon,422.0,470800
420.0,2025-10-28,420.0,AMOR,418.0,Ashmore Asset Management Indon,420.0,246000
418.0,2025-10-29,428.0,AMOR,416.0,Ashmore Asset Management Indon,428.0,482800
420.0,2025-10-30,422.0,AMOR,416.0,Ashmore Asset Management Indon,418.0,481200
420.0,2025-10-31,422.0,AMOR,414.0,Ashmore Asset Management Indon,420.0,529600
418.0,2025-11-03,420.0,AMOR,414.0,Ashmore Asset Management Indon,420.0,188200
418.0,2025-11-04,418.0,AMOR,416.0,Ashmore Asset Management Indon,418.0,83500
420.0,2025-11-05,426.0,AMOR,416.0,Ashmore Asset Management Indon,420.0,652800
420.0,2025-11-06,420.0,AMOR,416.0,Ashmore Asset Management Indon,420.0,403800
420.0,2025-11-07,424.0,AMOR,414.0,Ashmore Asset Management Indon,420.0,587800
