396.0,2022-12-15,450.0,VTNY,342.0,Venteny Fortuna International,450.0,184666800
378.0,2022-12-16,412.0,VTNY,374.0,Venteny Fortuna International,412.0,72809100
378.0,2022-12-19,382.0,VTNY,368.0,Venteny Fortuna International,378.0,24366400
390.0,2022-12-20,412.0,VTNY,374.0,Venteny Fortuna International,376.0,51840600
402.0,2022-12-21,402.0,VTNY,380.0,Venteny Fortuna International,390.0,36468000
408.0,2022-12-22,408.0,VTNY,382.0,Venteny Fortuna International,402.0,43381800
400.0,2022-12-23,418.0,VTNY,398.0,Venteny Fortuna International,408.0,34820100
400.0,2022-12-26,402.0,VTNY,376.0,Venteny Fortuna International,394.0,28556300
464.0,2022-12-27,492.0,VTNY,400.0,Venteny Fortuna International,400.0,41327900
434.0,2022-12-28,474.0,VTNY,432.0,Venteny Fortuna International,466.0,42520100
462.0,2022-12-29,505.0,VTNY,438.0,Venteny Fortuna International,438.0,38841700
450.0,2022-12-30,496.0,VTNY,440.0,Venteny Fortuna International,466.0,39023000
444.0,2023-01-02,470.0,VTNY,436.0,Venteny Fortuna International,446.0,22524800
446.0,2023-01-03,454.0,VTNY,424.0,Venteny Fortuna International,442.0,31068800
446.0,2023-01-04,472.0,VTNY,442.0,Venteny Fortuna International,450.0,34120400
440.0,2023-01-05,456.0,VTNY,424.0,Venteny Fortuna International,448.0,38332600
444.0,2023-01-06,458.0,VTNY,420.0,Venteny Fortuna International,436.0,32971400
446.0,2023-01-09,450.0,VTNY,426.0,Venteny Fortuna International,442.0,43957600
440.0,2023-01-10,454.0,VTNY,430.0,Venteny Fortuna International,446.0,35494900
440.0,2023-01-11,460.0,VTNY,432.0,Venteny Fortuna International,440.0,23084800
442.0,2023-01-12,456.0,VTNY,436.0,Venteny Fortuna International,440.0,29335100
424.0,2023-01-13,450.0,VTNY,424.0,Venteny Fortuna International,442.0,35205800
404.0,2023-01-16,430.0,VTNY,404.0,Venteny Fortuna International,424.0,28117000
408.0,2023-01-17,450.0,VTNY,398.0,Venteny Fortuna International,404.0,44189900
400.0,2023-01-18,412.0,VTNY,394.0,Venteny Fortuna International,408.0,25888700
402.0,2023-01-19,406.0,VTNY,400.0,Venteny Fortuna International,400.0,29888500
410.0,2023-01-20,424.0,VTNY,400.0,Venteny Fortuna International,404.0,22011900
408.0,2023-01-24,414.0,VTNY,406.0,Venteny Fortuna International,412.0,16523300
404.0,2023-01-25,412.0,VTNY,402.0,Venteny Fortuna International,410.0,18782300
410.0,2023-01-26,412.0,VTNY,404.0,Venteny Fortuna International,408.0,16274300
412.0,2023-01-27,432.0,VTNY,408.0,Venteny Fortuna International,410.0,28033900
404.0,2023-01-30,414.0,VTNY,402.0,Venteny Fortuna International,410.0,18966000
400.0,2023-01-31,404.0,VTNY,398.0,Venteny Fortuna International,404.0,23593600
400.0,2023-02-01,406.0,VTNY,398.0,Venteny Fortuna International,400.0,16906500
402.0,2023-02-02,412.0,VTNY,396.0,Venteny Fortuna International,400.0,20746400
404.0,2023-02-03,406.0,VTNY,398.0,Venteny Fortuna International,402.0,22870500
400.0,2023-02-06,404.0,VTNY,398.0,Venteny Fortuna International,404.0,23612800
400.0,2023-02-07,402.0,VTNY,398.0,Venteny Fortuna International,400.0,15165600
400.0,2023-02-08,402.0,VTNY,398.0,Venteny Fortuna International,400.0,13782200
400.0,2023-02-09,402.0,VTNY,396.0,Venteny Fortuna International,400.0,10325000
400.0,2023-02-10,400.0,VTNY,372.0,Venteny Fortuna International,400.0,50703900
400.0,2023-02-13,400.0,VTNY,372.0,Venteny Fortuna International,390.0,45644600
400.0,2023-02-14,400.0,VTNY,380.0,Venteny Fortuna International,400.0,13845000
400.0,2023-02-15,402.0,VTNY,372.0,Venteny Fortuna International,400.0,21371200
400.0,2023-02-16,400.0,VTNY,386.0,Venteny Fortuna International,390.0,21545300
400.0,2023-02-17,400.0,VTNY,376.0,Venteny Fortuna International,398.0,53858300
400.0,2023-02-20,414.0,VTNY,398.0,Venteny Fortuna International,398.0,8733200
414.0,2023-02-21,418.0,VTNY,400.0,Venteny Fortuna International,400.0,24677400
408.0,2023-02-22,418.0,VTNY,408.0,Venteny Fortuna International,414.0,24550700
412.0,2023-02-23,420.0,VTNY,408.0,Venteny Fortuna International,408.0,24377000
410.0,2023-02-24,414.0,VTNY,406.0,Venteny Fortuna International,414.0,24628500
412.0,2023-02-27,420.0,VTNY,410.0,Venteny Fortuna International,410.0,24660700
420.0,2023-02-28,430.0,VTNY,412.0,Venteny Fortuna International,414.0,24577600
426.0,2023-03-01,436.0,VTNY,420.0,Venteny Fortuna International,420.0,23721100
436.0,2023-03-02,450.0,VTNY,418.0,Venteny Fortuna International,426.0,23862400
426.0,2023-03-03,450.0,VTNY,426.0,Venteny Fortuna International,438.0,23119200
432.0,2023-03-06,442.0,VTNY,424.0,Venteny Fortuna International,426.0,24069600
438.0,2023-03-07,438.0,VTNY,422.0,Venteny Fortuna International,432.0,23587700
434.0,2023-03-08,438.0,VTNY,426.0,Venteny Fortuna International,438.0,24196900
436.0,2023-03-09,440.0,VTNY,428.0,Venteny Fortuna International,432.0,24364900
436.0,2023-03-10,440.0,VTNY,430.0,Venteny Fortuna International,436.0,23073900
414.0,2023-03-13,438.0,VTNY,414.0,Venteny Fortuna International,432.0,24181500
426.0,2023-03-14,434.0,VTNY,416.0,Venteny Fortuna International,416.0,23537800
426.0,2023-03-15,430.0,VTNY,418.0,Venteny Fortuna International,426.0,23628100
442.0,2023-03-16,446.0,VTNY,422.0,Venteny Fortuna International,426.0,23120300
444.0,2023-03-17,456.0,VTNY,428.0,Venteny Fortuna International,444.0,24347900
440.0,2023-03-20,444.0,VTNY,434.0,Venteny Fortuna International,444.0,23155000
442.0,2023-03-21,442.0,VTNY,430.0,Venteny Fortuna International,438.0,27401900
436.0,2023-03-24,440.0,VTNY,434.0,Venteny Fortuna International,436.0,23633000
438.0,2023-03-27,444.0,VTNY,426.0,Venteny Fortuna International,438.0,23729700
505.0,2023-03-28,535.0,VTNY,438.0,Venteny Fortuna International,444.0,22785500
630.0,2023-03-29,630.0,VTNY,505.0,Venteny Fortuna International,515.0,19575200
615.0,2023-03-30,730.0,VTNY,600.0,Venteny Fortuna International,650.0,15961000
740.0,2023-03-31,760.0,VTNY,575.0,Venteny Fortuna International,615.0,16470700
690.0,2023-04-03,900.0,VTNY,690.0,Venteny Fortuna International,750.0,18530700
715.0,2023-04-04,770.0,VTNY,645.0,Venteny Fortuna International,675.0,15218500
690.0,2023-04-05,730.0,VTNY,665.0,Venteny Fortuna International,725.0,13040800
645.0,2023-04-06,720.0,VTNY,645.0,Venteny Fortuna International,690.0,10199300
600.0,2023-04-10,670.0,VTNY,600.0,Venteny Fortuna International,670.0,10896200
570.0,2023-04-11,600.0,VTNY,560.0,Venteny Fortuna International,600.0,8032800
535.0,2023-04-12,575.0,VTNY,535.0,Venteny Fortuna International,575.0,4277900
498.0,2023-04-13,540.0,VTNY,498.0,Venteny Fortuna International,498.0,4204900
468.0,2023-04-14,482.0,VTNY,464.0,Venteny Fortuna International,480.0,10867000
482.0,2023-04-17,530.0,VTNY,444.0,Venteny Fortuna International,464.0,13256900
515.0,2023-04-18,525.0,VTNY,460.0,Venteny Fortuna International,482.0,9847600
550.0,2023-04-26,565.0,VTNY,498.0,Venteny Fortuna International,520.0,10268200
520.0,2023-04-27,560.0,VTNY,520.0,Venteny Fortuna International,555.0,5093000
492.0,2023-04-28,530.0,VTNY,492.0,Venteny Fortuna International,520.0,9472700
458.0,2023-05-02,492.0,VTNY,458.0,Venteny Fortuna International,490.0,9143300
432.0,2023-05-03,450.0,VTNY,426.0,Venteny Fortuna International,450.0,4720600
442.0,2023-05-04,448.0,VTNY,402.0,Venteny Fortuna International,436.0,5224100
412.0,2023-05-05,444.0,VTNY,412.0,Venteny Fortuna International,444.0,14035300
384.0,2023-05-08,414.0,VTNY,384.0,Venteny Fortuna International,412.0,5977700
374.0,2023-05-09,380.0,VTNY,358.0,Venteny Fortuna International,380.0,12831600
348.0,2023-05-10,376.0,VTNY,348.0,Venteny Fortuna International,354.0,11337400
356.0,2023-05-11,378.0,VTNY,346.0,Venteny Fortuna International,346.0,26693800
360.0,2023-05-12,370.0,VTNY,356.0,Venteny Fortuna International,356.0,16030000
350.0,2023-05-15,362.0,VTNY,336.0,Venteny Fortuna International,360.0,15011300
326.0,2023-05-16,350.0,VTNY,326.0,Venteny Fortuna International,350.0,8120000
304.0,2023-05-17,314.0,VTNY,304.0,Venteny Fortuna International,314.0,12688400
284.0,2023-05-19,292.0,VTNY,284.0,Venteny Fortuna International,292.0,8264200
266.0,2023-05-22,272.0,VTNY,266.0,Venteny Fortuna International,266.0,2432200
248.0,2023-05-23,260.0,VTNY,248.0,Venteny Fortuna International,248.0,8626800
232.0,2023-05-24,260.0,VTNY,232.0,Venteny Fortuna International,232.0,10399900
216.0,2023-05-25,232.0,VTNY,216.0,Venteny Fortuna International,232.0,9272500
202.0,2023-05-26,210.0,VTNY,202.0,Venteny Fortuna International,202.0,1959200
188.0,2023-05-29,200.0,VTNY,188.0,Venteny Fortuna International,200.0,2850400
175.0,2023-05-30,185.0,VTNY,175.0,Venteny Fortuna International,178.0,22876300
163.0,2023-05-31,163.0,VTNY,163.0,Venteny Fortuna International,163.0,184400
220.0,2023-06-05,220.0,VTNY,164.0,Venteny Fortuna International,164.0,24991100
200.0,2023-06-06,242.0,VTNY,192.0,Venteny Fortuna International,238.0,36539300
212.0,2023-06-07,220.0,VTNY,202.0,Venteny Fortuna International,202.0,33234000
242.0,2023-06-08,260.0,VTNY,212.0,Venteny Fortuna International,214.0,43762900
280.0,2023-06-09,286.0,VTNY,226.0,Venteny Fortuna International,244.0,55353700
350.0,2023-06-12,350.0,VTNY,280.0,Venteny Fortuna International,282.0,30479500
308.0,2023-06-13,436.0,VTNY,302.0,Venteny Fortuna International,370.0,59897800
362.0,2023-06-14,366.0,VTNY,306.0,Venteny Fortuna International,308.0,28218200
358.0,2023-06-15,398.0,VTNY,354.0,Venteny Fortuna International,368.0,36800300
336.0,2023-06-16,378.0,VTNY,336.0,Venteny Fortuna International,360.0,25357900
310.0,2023-06-19,340.0,VTNY,308.0,Venteny Fortuna International,338.0,19544600
284.0,2023-06-20,314.0,VTNY,268.0,Venteny Fortuna International,310.0,26542900
300.0,2023-06-21,332.0,VTNY,284.0,Venteny Fortuna International,284.0,34436400
298.0,2023-06-22,310.0,VTNY,280.0,Venteny Fortuna International,302.0,24162300
286.0,2023-06-23,300.0,VTNY,284.0,Venteny Fortuna International,300.0,13216900
288.0,2023-06-26,304.0,VTNY,278.0,Venteny Fortuna International,288.0,14676300
306.0,2023-06-27,306.0,VTNY,268.0,Venteny Fortuna International,288.0,18245500
296.0,2023-07-03,310.0,VTNY,294.0,Venteny Fortuna International,310.0,14793000
286.0,2023-07-04,300.0,VTNY,286.0,Venteny Fortuna International,300.0,14722400
282.0,2023-07-05,290.0,VTNY,278.0,Venteny Fortuna International,286.0,14603700
272.0,2023-07-06,284.0,VTNY,270.0,Venteny Fortuna International,282.0,14720300
260.0,2023-07-07,272.0,VTNY,250.0,Venteny Fortuna International,272.0,15940000
272.0,2023-07-10,284.0,VTNY,260.0,Venteny Fortuna International,260.0,16714300
266.0,2023-07-11,280.0,VTNY,264.0,Venteny Fortuna International,274.0,8418400
274.0,2023-07-12,278.0,VTNY,256.0,Venteny Fortuna International,266.0,23858900
272.0,2023-07-13,278.0,VTNY,266.0,Venteny Fortuna International,274.0,15379400
250.0,2023-07-14,276.0,VTNY,250.0,Venteny Fortuna International,270.0,14846900
240.0,2023-07-17,258.0,VTNY,222.0,Venteny Fortuna International,252.0,15245000
230.0,2023-07-18,242.0,VTNY,222.0,Venteny Fortuna International,240.0,16874100
230.0,2023-07-20,234.0,VTNY,224.0,Venteny Fortuna International,230.0,17567300
256.0,2023-07-21,280.0,VTNY,232.0,Venteny Fortuna International,232.0,35788000
250.0,2023-07-24,260.0,VTNY,242.0,Venteny Fortuna International,256.0,18306200
232.0,2023-07-25,254.0,VTNY,232.0,Venteny Fortuna International,252.0,16041200
232.0,2023-07-26,246.0,VTNY,230.0,Venteny Fortuna International,234.0,17517600
220.0,2023-07-27,236.0,VTNY,216.0,Venteny Fortuna International,234.0,17517300
222.0,2023-07-28,228.0,VTNY,212.0,Venteny Fortuna International,218.0,18342300
228.0,2023-07-31,236.0,VTNY,216.0,Venteny Fortuna International,216.0,17046500
220.0,2023-08-01,238.0,VTNY,200.0,Venteny Fortuna International,232.0,17763700
210.0,2023-08-02,220.0,VTNY,210.0,Venteny Fortuna International,220.0,17900000
212.0,2023-08-03,224.0,VTNY,206.0,Venteny Fortuna International,206.0,16296100
210.0,2023-08-04,222.0,VTNY,210.0,Venteny Fortuna International,210.0,16657600
210.0,2023-08-07,222.0,VTNY,208.0,Venteny Fortuna International,214.0,16712200
186.0,2023-08-08,208.0,VTNY,181.0,Venteny Fortuna International,208.0,13091800
170.0,2023-08-09,188.0,VTNY,164.0,Venteny Fortuna International,186.0,16707000
185.0,2023-08-10,204.0,VTNY,162.0,Venteny Fortuna International,171.0,20777100
200.0,2023-08-11,220.0,VTNY,185.0,Venteny Fortuna International,185.0,20320600
240.0,2023-08-14,240.0,VTNY,202.0,Venteny Fortuna International,202.0,28880300
232.0,2023-08-15,246.0,VTNY,212.0,Venteny Fortuna International,242.0,33816500
262.0,2023-08-16,262.0,VTNY,222.0,Venteny Fortuna International,232.0,26527400
224.0,2023-08-18,286.0,VTNY,224.0,Venteny Fortuna International,264.0,31967400
206.0,2023-08-21,230.0,VTNY,200.0,Venteny Fortuna International,224.0,30080500
200.0,2023-08-22,210.0,VTNY,198.0,Venteny Fortuna International,206.0,24117700
216.0,2023-08-23,216.0,VTNY,193.0,Venteny Fortuna International,200.0,28180200
214.0,2023-08-24,222.0,VTNY,208.0,Venteny Fortuna International,222.0,22760500
210.0,2023-08-25,218.0,VTNY,206.0,Venteny Fortuna International,214.0,19645700
202.0,2023-08-28,214.0,VTNY,200.0,Venteny Fortuna International,210.0,17320600
199.0,2023-08-29,204.0,VTNY,199.0,Venteny Fortuna International,204.0,21355800
214.0,2023-08-30,224.0,VTNY,198.0,Venteny Fortuna International,200.0,22580900
204.0,2023-08-31,220.0,VTNY,202.0,Venteny Fortuna International,220.0,15227200
210.0,2023-09-01,214.0,VTNY,204.0,Venteny Fortuna International,204.0,15157800
232.0,2023-09-04,232.0,VTNY,208.0,Venteny Fortuna International,212.0,24112200
226.0,2023-09-05,236.0,VTNY,216.0,Venteny Fortuna International,234.0,18269300
216.0,2023-09-06,232.0,VTNY,202.0,Venteny Fortuna International,232.0,17388900
218.0,2023-09-07,232.0,VTNY,208.0,Venteny Fortuna International,216.0,21100700
240.0,2023-09-08,244.0,VTNY,214.0,Venteny Fortuna International,216.0,26882700
294.0,2023-09-11,300.0,VTNY,232.0,Venteny Fortuna International,240.0,46274900
300.0,2023-09-12,340.0,VTNY,282.0,Venteny Fortuna International,294.0,64369500
304.0,2023-09-13,326.0,VTNY,292.0,Venteny Fortuna International,304.0,28487100
296.0,2023-09-14,312.0,VTNY,290.0,Venteny Fortuna International,304.0,12562900
290.0,2023-09-15,308.0,VTNY,290.0,Venteny Fortuna International,298.0,12732000
252.0,2023-09-18,292.0,VTNY,252.0,Venteny Fortuna International,290.0,16190100
264.0,2023-09-19,270.0,VTNY,240.0,Venteny Fortuna International,252.0,13634800
258.0,2023-09-20,268.0,VTNY,258.0,Venteny Fortuna International,264.0,11991800
250.0,2023-09-21,266.0,VTNY,250.0,Venteny Fortuna International,256.0,12456900
260.0,2023-09-22,268.0,VTNY,242.0,Venteny Fortuna International,252.0,13745100
294.0,2023-09-25,294.0,VTNY,260.0,Venteny Fortuna International,262.0,14501800
302.0,2023-09-26,312.0,VTNY,282.0,Venteny Fortuna International,298.0,32685500
306.0,2023-09-27,312.0,VTNY,290.0,Venteny Fortuna International,312.0,18845600
324.0,2023-09-29,342.0,VTNY,298.0,Venteny Fortuna International,306.0,32428500
318.0,2023-10-02,340.0,VTNY,318.0,Venteny Fortuna International,326.0,21224100
286.0,2023-10-03,324.0,VTNY,286.0,Venteny Fortuna International,318.0,14573400
272.0,2023-10-04,286.0,VTNY,270.0,Venteny Fortuna International,286.0,12271700
288.0,2023-10-05,296.0,VTNY,272.0,Venteny Fortuna International,276.0,14311700
304.0,2023-10-06,310.0,VTNY,290.0,Venteny Fortuna International,290.0,18710300
304.0,2023-10-09,314.0,VTNY,298.0,Venteny Fortuna International,306.0,15234000
298.0,2023-10-10,310.0,VTNY,288.0,Venteny Fortuna International,304.0,15053900
288.0,2023-10-11,300.0,VTNY,284.0,Venteny Fortuna International,298.0,19834400
278.0,2023-10-12,294.0,VTNY,276.0,Venteny Fortuna International,286.0,12392300
280.0,2023-10-13,286.0,VTNY,276.0,Venteny Fortuna International,278.0,12056800
276.0,2023-10-16,286.0,VTNY,274.0,Venteny Fortuna International,282.0,12711000
270.0,2023-10-17,282.0,VTNY,270.0,Venteny Fortuna International,276.0,12101000
264.0,2023-10-18,280.0,VTNY,258.0,Venteny Fortuna International,274.0,14620600
262.0,2023-10-19,272.0,VTNY,258.0,Venteny Fortuna International,260.0,12381000
270.0,2023-10-20,272.0,VTNY,262.0,Venteny Fortuna International,262.0,12891500
244.0,2023-10-23,272.0,VTNY,230.0,Venteny Fortuna International,272.0,11091400
264.0,2023-10-24,268.0,VTNY,226.0,Venteny Fortuna International,244.0,15311000
246.0,2023-10-25,260.0,VTNY,246.0,Venteny Fortuna International,258.0,14408200
238.0,2023-10-26,246.0,VTNY,232.0,Venteny Fortuna International,246.0,6789100
232.0,2023-10-27,238.0,VTNY,226.0,Venteny Fortuna International,238.0,7978800
238.0,2023-10-30,242.0,VTNY,222.0,Venteny Fortuna International,232.0,22327500
226.0,2023-10-31,244.0,VTNY,224.0,Venteny Fortuna International,234.0,23246600
216.0,2023-11-01,224.0,VTNY,212.0,Venteny Fortuna International,224.0,16873600
210.0,2023-11-02,218.0,VTNY,208.0,Venteny Fortuna International,218.0,11750200
230.0,2023-11-03,236.0,VTNY,212.0,Venteny Fortuna International,216.0,16763700
230.0,2023-11-06,240.0,VTNY,222.0,Venteny Fortuna International,232.0,18299100
228.0,2023-11-07,238.0,VTNY,226.0,Venteny Fortuna International,230.0,18573700
222.0,2023-11-08,232.0,VTNY,222.0,Venteny Fortuna International,232.0,15172700
220.0,2023-11-09,226.0,VTNY,216.0,Venteny Fortuna International,222.0,14281500
218.0,2023-11-10,222.0,VTNY,216.0,Venteny Fortuna International,216.0,14284000
220.0,2023-11-13,228.0,VTNY,216.0,Venteny Fortuna International,216.0,14960100
222.0,2023-11-14,226.0,VTNY,218.0,Venteny Fortuna International,226.0,14040200
230.0,2023-11-15,248.0,VTNY,224.0,Venteny Fortuna International,226.0,17654200
236.0,2023-11-16,242.0,VTNY,228.0,Venteny Fortuna International,230.0,23638800
224.0,2023-11-17,238.0,VTNY,220.0,Venteny Fortuna International,236.0,14941200
216.0,2023-11-20,224.0,VTNY,216.0,Venteny Fortuna International,222.0,20071800
208.0,2023-11-21,220.0,VTNY,208.0,Venteny Fortuna International,220.0,16440300
206.0,2023-11-22,214.0,VTNY,202.0,Venteny Fortuna International,214.0,18699100
202.0,2023-11-23,210.0,VTNY,200.0,Venteny Fortuna International,208.0,11249100
206.0,2023-11-24,208.0,VTNY,200.0,Venteny Fortuna International,202.0,14783700
210.0,2023-11-27,210.0,VTNY,204.0,Venteny Fortuna International,206.0,20949700
208.0,2023-11-28,210.0,VTNY,204.0,Venteny Fortuna International,210.0,10212000
206.0,2023-11-29,210.0,VTNY,204.0,Venteny Fortuna International,206.0,21457200
200.0,2023-11-30,204.0,VTNY,199.0,Venteny Fortuna International,202.0,12611200
193.0,2023-12-01,202.0,VTNY,191.0,Venteny Fortuna International,202.0,12694300
192.0,2023-12-04,199.0,VTNY,188.0,Venteny Fortuna International,194.0,18528000
189.0,2023-12-05,194.0,VTNY,188.0,Venteny Fortuna International,192.0,18833100
185.0,2023-12-06,190.0,VTNY,180.0,Venteny Fortuna International,189.0,12125200
176.0,2023-12-07,188.0,VTNY,175.0,Venteny Fortuna International,185.0,13961000
193.0,2023-12-08,194.0,VTNY,165.0,Venteny Fortuna International,175.0,7489200
216.0,2023-12-11,232.0,VTNY,186.0,Venteny Fortuna International,193.0,18220200
236.0,2023-12-12,246.0,VTNY,210.0,Venteny Fortuna International,220.0,24169500
266.0,2023-12-13,278.0,VTNY,230.0,Venteny Fortuna International,240.0,33854700
264.0,2023-12-14,272.0,VTNY,250.0,Venteny Fortuna International,266.0,20852700
278.0,2023-12-15,286.0,VTNY,260.0,Venteny Fortuna International,264.0,18037500
296.0,2023-12-18,300.0,VTNY,274.0,Venteny Fortuna International,278.0,25202200
300.0,2023-12-19,306.0,VTNY,284.0,Venteny Fortuna International,298.0,20237700
306.0,2023-12-20,312.0,VTNY,294.0,Venteny Fortuna International,298.0,29171400
318.0,2023-12-21,320.0,VTNY,306.0,Venteny Fortuna International,306.0,28017800
318.0,2023-12-22,324.0,VTNY,312.0,Venteny Fortuna International,318.0,14495800
330.0,2023-12-27,332.0,VTNY,314.0,Venteny Fortuna International,320.0,23636700
338.0,2023-12-28,344.0,VTNY,328.0,Venteny Fortuna International,330.0,26281300
352.0,2023-12-29,356.0,VTNY,334.0,Venteny Fortuna International,338.0,27102700
264.0,2024-01-02,354.0,VTNY,264.0,Venteny Fortuna International,352.0,14853900
210.0,2024-01-03,260.0,VTNY,200.0,Venteny Fortuna International,260.0,13367900
220.0,2024-01-04,234.0,VTNY,204.0,Venteny Fortuna International,210.0,39336500
193.0,2024-01-05,222.0,VTNY,192.0,Venteny Fortuna International,222.0,32480400
179.0,2024-01-08,194.0,VTNY,178.0,Venteny Fortuna International,193.0,29407600
178.0,2024-01-09,185.0,VTNY,171.0,Venteny Fortuna International,180.0,25939200
175.0,2024-01-10,182.0,VTNY,173.0,Venteny Fortuna International,180.0,20213400
186.0,2024-01-11,188.0,VTNY,170.0,Venteny Fortuna International,175.0,45170200
186.0,2024-01-12,208.0,VTNY,186.0,Venteny Fortuna International,186.0,67607000
186.0,2024-01-15,186.0,VTNY,186.0,Venteny Fortuna International,186.0,0
182.0,2024-01-16,183.0,VTNY,175.0,Venteny Fortuna International,177.0,27907100
187.0,2024-01-17,188.0,VTNY,181.0,Venteny Fortuna International,182.0,25976900
193.0,2024-01-18,196.0,VTNY,187.0,Venteny Fortuna International,188.0,28811700
204.0,2024-01-19,204.0,VTNY,193.0,Venteny Fortuna International,193.0,31442300
194.0,2024-01-22,208.0,VTNY,194.0,Venteny Fortuna International,206.0,29471500
182.0,2024-01-23,195.0,VTNY,182.0,Venteny Fortuna International,195.0,22064300
189.0,2024-01-24,193.0,VTNY,176.0,Venteny Fortuna International,182.0,27469200
178.0,2024-01-25,193.0,VTNY,177.0,Venteny Fortuna International,192.0,21693300
180.0,2024-01-26,184.0,VTNY,178.0,Venteny Fortuna International,178.0,19955300
181.0,2024-01-29,185.0,VTNY,178.0,Venteny Fortuna International,181.0,21126200
178.0,2024-01-30,182.0,VTNY,177.0,Venteny Fortuna International,182.0,19225900
178.0,2024-01-31,181.0,VTNY,177.0,Venteny Fortuna International,178.0,19131300
175.0,2024-02-01,180.0,VTNY,173.0,Venteny Fortuna International,178.0,22330900
173.0,2024-02-02,178.0,VTNY,167.0,Venteny Fortuna International,167.0,21168300
175.0,2024-02-05,178.0,VTNY,173.0,Venteny Fortuna International,173.0,20199400
173.0,2024-02-06,179.0,VTNY,172.0,Venteny Fortuna International,175.0,15964100
168.0,2024-02-07,175.0,VTNY,168.0,Venteny Fortuna International,173.0,10907400
151.0,2024-02-12,168.0,VTNY,145.0,Venteny Fortuna International,168.0,21022800
160.0,2024-02-13,165.0,VTNY,151.0,Venteny Fortuna International,151.0,21841000
156.0,2024-02-15,162.0,VTNY,154.0,Venteny Fortuna International,160.0,22035400
150.0,2024-02-16,156.0,VTNY,148.0,Venteny Fortuna International,156.0,7733200
156.0,2024-02-19,158.0,VTNY,141.0,Venteny Fortuna International,141.0,28945500
148.0,2024-02-20,157.0,VTNY,146.0,Venteny Fortuna International,155.0,10569100
150.0,2024-02-21,154.0,VTNY,144.0,Venteny Fortuna International,150.0,26451800
160.0,2024-02-22,169.0,VTNY,148.0,Venteny Fortuna International,152.0,29123900
148.0,2024-02-23,160.0,VTNY,146.0,Venteny Fortuna International,154.0,15923300
157.0,2024-02-26,161.0,VTNY,146.0,Venteny Fortuna International,150.0,20640300
150.0,2024-02-27,160.0,VTNY,148.0,Venteny Fortuna International,157.0,11538700
150.0,2024-02-28,156.0,VTNY,148.0,Venteny Fortuna International,148.0,26822000
173.0,2024-02-29,186.0,VTNY,150.0,Venteny Fortuna International,150.0,66763700
165.0,2024-03-01,177.0,VTNY,161.0,Venteny Fortuna International,174.0,34692800
165.0,2024-03-04,173.0,VTNY,164.0,Venteny Fortuna International,165.0,36973800
161.0,2024-03-05,168.0,VTNY,155.0,Venteny Fortuna International,164.0,40602700
175.0,2024-03-06,180.0,VTNY,161.0,Venteny Fortuna International,161.0,65119000
175.0,2024-03-07,178.0,VTNY,171.0,Venteny Fortuna International,175.0,42863200
176.0,2024-03-08,180.0,VTNY,173.0,Venteny Fortuna International,175.0,51912100
181.0,2024-03-13,186.0,VTNY,176.0,Venteny Fortuna International,177.0,61837500
173.0,2024-03-14,182.0,VTNY,170.0,Venteny Fortuna International,182.0,45325000
173.0,2024-03-15,176.0,VTNY,170.0,Venteny Fortuna International,173.0,35068600
172.0,2024-03-18,175.0,VTNY,169.0,Venteny Fortuna International,173.0,38676100
173.0,2024-03-19,173.0,VTNY,169.0,Venteny Fortuna International,172.0,33016700
178.0,2024-03-20,179.0,VTNY,172.0,Venteny Fortuna International,172.0,52536300
191.0,2024-03-21,192.0,VTNY,177.0,Venteny Fortuna International,178.0,74901500
181.0,2024-03-22,194.0,VTNY,174.0,Venteny Fortuna International,191.0,71636000
181.0,2024-03-25,181.0,VTNY,181.0,Venteny Fortuna International,181.0,0
181.0,2024-03-26,181.0,VTNY,181.0,Venteny Fortuna International,181.0,0
183.0,2024-03-27,186.0,VTNY,180.0,Venteny Fortuna International,186.0,40016200
181.0,2024-03-28,185.0,VTNY,179.0,Venteny Fortuna International,182.0,46550900
173.0,2024-04-01,181.0,VTNY,164.0,Venteny Fortuna International,180.0,45066000
175.0,2024-04-02,176.0,VTNY,168.0,Venteny Fortuna International,171.0,20029400
173.0,2024-04-03,177.0,VTNY,170.0,Venteny Fortuna International,174.0,51918200
214.0,2024-04-04,224.0,VTNY,172.0,Venteny Fortuna International,172.0,118965100
188.0,2024-04-05,214.0,VTNY,183.0,Venteny Fortuna International,214.0,95618500
190.0,2024-04-16,194.0,VTNY,182.0,Venteny Fortuna International,188.0,51495000
199.0,2024-04-17,206.0,VTNY,189.0,Venteny Fortuna International,190.0,59314800
198.0,2024-04-18,208.0,VTNY,197.0,Venteny Fortuna International,200.0,58483800
193.0,2024-04-19,197.0,VTNY,187.0,Venteny Fortuna International,197.0,54885500
206.0,2024-04-22,208.0,VTNY,189.0,Venteny Fortuna International,192.0,53693300
189.0,2024-04-23,210.0,VTNY,183.0,Venteny Fortuna International,206.0,37375000
183.0,2024-04-24,189.0,VTNY,181.0,Venteny Fortuna International,188.0,44887600
184.0,2024-04-25,184.0,VTNY,175.0,Venteny Fortuna International,181.0,46000100
179.0,2024-04-26,183.0,VTNY,173.0,Venteny Fortuna International,183.0,32492900
173.0,2024-04-29,179.0,VTNY,173.0,Venteny Fortuna International,178.0,24240400
178.0,2024-04-30,180.0,VTNY,171.0,Venteny Fortuna International,172.0,56132800
184.0,2024-05-02,189.0,VTNY,177.0,Venteny Fortuna International,178.0,58839000
179.0,2024-05-03,184.0,VTNY,176.0,Venteny Fortuna International,184.0,39857400
187.0,2024-05-06,191.0,VTNY,176.0,Venteny Fortuna International,179.0,56885000
187.0,2024-05-07,189.0,VTNY,182.0,Venteny Fortuna International,187.0,38685500
185.0,2024-05-08,191.0,VTNY,184.0,Venteny Fortuna International,187.0,42589800
180.0,2024-05-13,186.0,VTNY,178.0,Venteny Fortuna International,185.0,42473300
183.0,2024-05-14,185.0,VTNY,175.0,Venteny Fortuna International,178.0,46110800
178.0,2024-05-15,187.0,VTNY,178.0,Venteny Fortuna International,183.0,42398300
180.0,2024-05-16,181.0,VTNY,177.0,Venteny Fortuna International,178.0,46995800
177.0,2024-05-17,182.0,VTNY,176.0,Venteny Fortuna International,180.0,33109500
179.0,2024-05-20,180.0,VTNY,172.0,Venteny Fortuna International,177.0,38372300
179.0,2024-05-21,179.0,VTNY,174.0,Venteny Fortuna International,177.0,47676800
179.0,2024-05-22,184.0,VTNY,177.0,Venteny Fortuna International,178.0,39733400
178.0,2024-05-27,184.0,VTNY,174.0,Venteny Fortuna International,184.0,48602400
180.0,2024-05-28,181.0,VTNY,177.0,Venteny Fortuna International,178.0,36746100
176.0,2024-05-29,180.0,VTNY,175.0,Venteny Fortuna International,180.0,44635700
176.0,2024-05-30,177.0,VTNY,174.0,Venteny Fortuna International,176.0,41607500
176.0,2024-05-31,178.0,VTNY,174.0,Venteny Fortuna International,175.0,49195600
155.0,2024-06-03,176.0,VTNY,150.0,Venteny Fortuna International,175.0,25271100
152.0,2024-06-04,157.0,VTNY,147.0,Venteny Fortuna International,155.0,25511900
156.0,2024-06-05,158.0,VTNY,149.0,Venteny Fortuna International,152.0,27704000
158.0,2024-06-06,158.0,VTNY,155.0,Venteny Fortuna International,156.0,40290800
154.0,2024-06-07,158.0,VTNY,151.0,Venteny Fortuna International,158.0,32094000
153.0,2024-06-10,154.0,VTNY,147.0,Venteny Fortuna International,154.0,34751000
152.0,2024-06-11,156.0,VTNY,150.0,Venteny Fortuna International,153.0,36287900
152.0,2024-06-12,153.0,VTNY,146.0,Venteny Fortuna International,151.0,39775400
152.0,2024-06-13,154.0,VTNY,148.0,Venteny Fortuna International,150.0,34652300
132.0,2024-06-14,151.0,VTNY,130.0,Venteny Fortuna International,151.0,15742000
133.0,2024-06-19,136.0,VTNY,126.0,Venteny Fortuna International,133.0,15004300
141.0,2024-06-20,143.0,VTNY,130.0,Venteny Fortuna International,133.0,16444400
135.0,2024-06-21,139.0,VTNY,128.0,Venteny Fortuna International,139.0,21110300
138.0,2024-06-24,140.0,VTNY,131.0,Venteny Fortuna International,133.0,22320500
136.0,2024-06-25,140.0,VTNY,135.0,Venteny Fortuna International,138.0,24598300
135.0,2024-06-26,136.0,VTNY,129.0,Venteny Fortuna International,136.0,25048300
135.0,2024-06-27,136.0,VTNY,132.0,Venteny Fortuna International,135.0,23808500
135.0,2024-06-28,137.0,VTNY,133.0,Venteny Fortuna International,135.0,24941400
135.0,2024-07-01,136.0,VTNY,132.0,Venteny Fortuna International,135.0,31565400
134.0,2024-07-02,139.0,VTNY,131.0,Venteny Fortuna International,135.0,24089200
134.0,2024-07-03,135.0,VTNY,131.0,Venteny Fortuna International,133.0,33414200
136.0,2024-07-04,137.0,VTNY,130.0,Venteny Fortuna International,130.0,28355600
134.0,2024-07-05,136.0,VTNY,133.0,Venteny Fortuna International,136.0,27596900
134.0,2024-07-08,135.0,VTNY,131.0,Venteny Fortuna International,134.0,24148800
141.0,2024-07-09,143.0,VTNY,134.0,Venteny Fortuna International,134.0,29312800
143.0,2024-07-10,150.0,VTNY,138.0,Venteny Fortuna International,150.0,31778200
138.0,2024-07-11,144.0,VTNY,138.0,Venteny Fortuna International,143.0,28660600
145.0,2024-07-12,145.0,VTNY,138.0,Venteny Fortuna International,139.0,22451600
141.0,2024-07-15,147.0,VTNY,136.0,Venteny Fortuna International,147.0,25140100
139.0,2024-07-16,140.0,VTNY,137.0,Venteny Fortuna International,140.0,29190400
139.0,2024-07-17,141.0,VTNY,138.0,Venteny Fortuna International,139.0,30542100
138.0,2024-07-18,141.0,VTNY,136.0,Venteny Fortuna International,139.0,28014700
133.0,2024-07-19,138.0,VTNY,131.0,Venteny Fortuna International,138.0,31058000
128.0,2024-07-22,133.0,VTNY,127.0,Venteny Fortuna International,133.0,28387800
128.0,2024-07-23,129.0,VTNY,126.0,Venteny Fortuna International,128.0,27086500
130.0,2024-07-24,131.0,VTNY,126.0,Venteny Fortuna International,128.0,31221000
128.0,2024-07-25,130.0,VTNY,127.0,Venteny Fortuna International,130.0,23761400
128.0,2024-07-26,129.0,VTNY,127.0,Venteny Fortuna International,128.0,15011200
128.0,2024-07-29,129.0,VTNY,126.0,Venteny Fortuna International,128.0,16355200
125.0,2024-07-30,128.0,VTNY,122.0,Venteny Fortuna International,127.0,21617500
126.0,2024-07-31,127.0,VTNY,122.0,Venteny Fortuna International,125.0,29562000
132.0,2024-08-01,133.0,VTNY,124.0,Venteny Fortuna International,126.0,26017500
129.0,2024-08-02,133.0,VTNY,129.0,Venteny Fortuna International,132.0,27287600
126.0,2024-08-05,129.0,VTNY,123.0,Venteny Fortuna International,129.0,22204200
124.0,2024-08-06,125.0,VTNY,121.0,Venteny Fortuna International,125.0,26602600
129.0,2024-08-07,130.0,VTNY,122.0,Venteny Fortuna International,124.0,24427900
127.0,2024-08-08,129.0,VTNY,124.0,Venteny Fortuna International,129.0,17313400
127.0,2024-08-09,130.0,VTNY,125.0,Venteny Fortuna International,127.0,18727300
129.0,2024-08-12,130.0,VTNY,124.0,Venteny Fortuna International,127.0,18895400
130.0,2024-08-13,134.0,VTNY,128.0,Venteny Fortuna International,128.0,22281800
129.0,2024-08-14,131.0,VTNY,127.0,Venteny Fortuna International,131.0,19390300
130.0,2024-08-15,136.0,VTNY,127.0,Venteny Fortuna International,129.0,30279800
131.0,2024-08-16,131.0,VTNY,129.0,Venteny Fortuna International,130.0,23180200
132.0,2024-08-19,133.0,VTNY,129.0,Venteny Fortuna International,131.0,26126200
134.0,2024-08-20,137.0,VTNY,130.0,Venteny Fortuna International,133.0,30072400
131.0,2024-08-21,137.0,VTNY,131.0,Venteny Fortuna International,135.0,28699300
129.0,2024-08-22,131.0,VTNY,126.0,Venteny Fortuna International,131.0,13355100
129.0,2024-08-23,129.0,VTNY,125.0,Venteny Fortuna International,128.0,20206300
130.0,2024-08-26,130.0,VTNY,126.0,Venteny Fortuna International,129.0,23080200
132.0,2024-08-27,133.0,VTNY,128.0,Venteny Fortuna International,130.0,16134100
137.0,2024-08-28,137.0,VTNY,130.0,Venteny Fortuna International,132.0,35962200
135.0,2024-08-29,140.0,VTNY,134.0,Venteny Fortuna International,137.0,30756900
133.0,2024-08-30,135.0,VTNY,131.0,Venteny Fortuna International,135.0,22458000
130.0,2024-09-02,136.0,VTNY,130.0,Venteny Fortuna International,133.0,28492400
125.0,2024-09-03,130.0,VTNY,123.0,Venteny Fortuna International,130.0,24584100
118.0,2024-09-04,124.0,VTNY,118.0,Venteny Fortuna International,124.0,21516300
118.0,2024-09-05,119.0,VTNY,111.0,Venteny Fortuna International,111.0,28657600
115.0,2024-09-06,118.0,VTNY,114.0,Venteny Fortuna International,118.0,18423100
120.0,2024-09-09,124.0,VTNY,113.0,Venteny Fortuna International,115.0,31480700
119.0,2024-09-10,122.0,VTNY,118.0,Venteny Fortuna International,121.0,21268500
120.0,2024-09-11,121.0,VTNY,116.0,Venteny Fortuna International,119.0,22501900
131.0,2024-09-12,131.0,VTNY,118.0,Venteny Fortuna International,120.0,34538600
132.0,2024-09-13,134.0,VTNY,128.0,Venteny Fortuna International,131.0,32747800
131.0,2024-09-17,134.0,VTNY,129.0,Venteny Fortuna International,132.0,27152900
130.0,2024-09-18,131.0,VTNY,127.0,Venteny Fortuna International,131.0,35292200
130.0,2024-09-19,130.0,VTNY,127.0,Venteny Fortuna International,130.0,32763500
130.0,2024-09-20,133.0,VTNY,126.0,Venteny Fortuna International,130.0,27761500
129.0,2024-09-23,132.0,VTNY,129.0,Venteny Fortuna International,130.0,44216200
130.0,2024-09-24,131.0,VTNY,129.0,Venteny Fortuna International,129.0,40518800
129.0,2024-09-25,131.0,VTNY,128.0,Venteny Fortuna International,130.0,39023600
129.0,2024-09-26,131.0,VTNY,129.0,Venteny Fortuna International,129.0,26483700
131.0,2024-09-27,133.0,VTNY,129.0,Venteny Fortuna International,129.0,29166000
136.0,2024-09-30,146.0,VTNY,131.0,Venteny Fortuna International,131.0,74265800
133.0,2024-10-01,137.0,VTNY,133.0,Venteny Fortuna International,136.0,32908000
135.0,2024-10-02,136.0,VTNY,132.0,Venteny Fortuna International,132.0,41453200
135.0,2024-10-03,137.0,VTNY,133.0,Venteny Fortuna International,135.0,25788700
136.0,2024-10-04,136.0,VTNY,133.0,Venteny Fortuna International,135.0,36221500
139.0,2024-10-07,139.0,VTNY,135.0,Venteny Fortuna International,136.0,34579000
143.0,2024-10-08,151.0,VTNY,139.0,Venteny Fortuna International,139.0,41976100
143.0,2024-10-09,148.0,VTNY,140.0,Venteny Fortuna International,143.0,38407100
138.0,2024-10-10,144.0,VTNY,134.0,Venteny Fortuna International,143.0,36604900
144.0,2024-10-11,153.0,VTNY,135.0,Venteny Fortuna International,138.0,54037700
148.0,2024-10-14,148.0,VTNY,142.0,Venteny Fortuna International,144.0,43820500
154.0,2024-10-15,156.0,VTNY,146.0,Venteny Fortuna International,148.0,49570300
153.0,2024-10-16,158.0,VTNY,150.0,Venteny Fortuna International,155.0,59099900
156.0,2024-10-17,156.0,VTNY,152.0,Venteny Fortuna International,153.0,53643000
163.0,2024-10-18,164.0,VTNY,153.0,Venteny Fortuna International,156.0,57320200
165.0,2024-10-21,165.0,VTNY,160.0,Venteny Fortuna International,161.0,42440500
181.0,2024-10-22,181.0,VTNY,163.0,Venteny Fortuna International,166.0,68424200
181.0,2024-10-23,181.0,VTNY,168.0,Venteny Fortuna International,181.0,62346300
179.0,2024-10-24,181.0,VTNY,173.0,Venteny Fortuna International,180.0,50258300
184.0,2024-10-25,189.0,VTNY,176.0,Venteny Fortuna International,177.0,35327100
181.0,2024-10-28,189.0,VTNY,178.0,Venteny Fortuna International,185.0,29002500
185.0,2024-10-29,186.0,VTNY,176.0,Venteny Fortuna International,181.0,28954500
183.0,2024-10-30,186.0,VTNY,180.0,Venteny Fortuna International,184.0,29304700
190.0,2024-10-31,190.0,VTNY,180.0,Venteny Fortuna International,183.0,30577300
185.0,2024-11-01,190.0,VTNY,176.0,Venteny Fortuna International,190.0,24946000
185.0,2024-11-04,185.0,VTNY,178.0,Venteny Fortuna International,182.0,27926600
185.0,2024-11-05,187.0,VTNY,180.0,Venteny Fortuna International,185.0,27265500
180.0,2024-11-06,186.0,VTNY,179.0,Venteny Fortuna International,185.0,25694200
179.0,2024-11-07,180.0,VTNY,175.0,Venteny Fortuna International,180.0,29302100
174.0,2024-11-08,179.0,VTNY,174.0,Venteny Fortuna International,179.0,24592100
176.0,2024-11-11,177.0,VTNY,170.0,Venteny Fortuna International,174.0,33478700
179.0,2024-11-12,179.0,VTNY,173.0,Venteny Fortuna International,175.0,25760400
178.0,2024-11-13,180.0,VTNY,173.0,Venteny Fortuna International,179.0,29611200
175.0,2024-11-14,178.0,VTNY,172.0,Venteny Fortuna International,177.0,27843500
167.0,2024-11-15,182.0,VTNY,166.0,Venteny Fortuna International,182.0,30280800
162.0,2024-11-18,170.0,VTNY,161.0,Venteny Fortuna International,170.0,19997600
169.0,2024-11-19,170.0,VTNY,160.0,Venteny Fortuna International,162.0,37439900
166.0,2024-11-20,169.0,VTNY,162.0,Venteny Fortuna International,167.0,13096600
181.0,2024-11-21,183.0,VTNY,163.0,Venteny Fortuna International,165.0,40138000
182.0,2024-11-22,182.0,VTNY,172.0,Venteny Fortuna International,181.0,40301500
185.0,2024-11-25,188.0,VTNY,179.0,Venteny Fortuna International,181.0,39382500
187.0,2024-11-26,189.0,VTNY,181.0,Venteny Fortuna International,184.0,38955100
190.0,2024-11-28,190.0,VTNY,185.0,Venteny Fortuna International,187.0,37798300
192.0,2024-11-29,194.0,VTNY,185.0,Venteny Fortuna International,190.0,43737900
212.0,2024-12-02,216.0,VTNY,192.0,Venteny Fortuna International,192.0,42156500
204.0,2024-12-03,214.0,VTNY,199.0,Venteny Fortuna International,214.0,50272600
208.0,2024-12-04,212.0,VTNY,200.0,Venteny Fortuna International,202.0,49809400
242.0,2024-12-05,256.0,VTNY,208.0,Venteny Fortuna International,208.0,65018500
246.0,2024-12-06,250.0,VTNY,228.0,Venteny Fortuna International,242.0,44079200
250.0,2024-12-09,268.0,VTNY,246.0,Venteny Fortuna International,246.0,53324000
230.0,2024-12-10,254.0,VTNY,224.0,Venteny Fortuna International,250.0,46372700
224.0,2024-12-11,240.0,VTNY,218.0,Venteny Fortuna International,230.0,36657300
210.0,2024-12-12,224.0,VTNY,202.0,Venteny Fortuna International,224.0,25039300
206.0,2024-12-13,212.0,VTNY,200.0,Venteny Fortuna International,210.0,21628700
200.0,2024-12-16,204.0,VTNY,195.0,Venteny Fortuna International,202.0,25545800
204.0,2024-12-17,206.0,VTNY,198.0,Venteny Fortuna International,198.0,25372800
199.0,2024-12-18,218.0,VTNY,196.0,Venteny Fortuna International,204.0,28204600
202.0,2024-12-19,204.0,VTNY,192.0,Venteny Fortuna International,199.0,23925000
193.0,2024-12-20,204.0,VTNY,193.0,Venteny Fortuna International,202.0,16149000
192.0,2024-12-23,199.0,VTNY,191.0,Venteny Fortuna International,194.0,21426300
199.0,2024-12-24,200.0,VTNY,192.0,Venteny Fortuna International,192.0,22109800
199.0,2024-12-27,202.0,VTNY,195.0,Venteny Fortuna International,199.0,32872400
170.0,2024-12-30,204.0,VTNY,169.0,Venteny Fortuna International,200.0,19472500
172.0,2025-01-02,174.0,VTNY,159.0,Venteny Fortuna International,170.0,12370600
170.0,2025-01-03,174.0,VTNY,166.0,Venteny Fortuna International,172.0,17315200
161.0,2025-01-06,171.0,VTNY,159.0,Venteny Fortuna International,170.0,19343300
180.0,2025-01-07,180.0,VTNY,153.0,Venteny Fortuna International,161.0,24911900
147.0,2025-01-08,179.0,VTNY,141.0,Venteny Fortuna International,179.0,16430400
129.0,2025-01-09,150.0,VTNY,129.0,Venteny Fortuna International,150.0,5128100
130.0,2025-01-10,133.0,VTNY,123.0,Venteny Fortuna International,129.0,3693000
137.0,2025-01-13,140.0,VTNY,129.0,Venteny Fortuna International,130.0,14794600
130.0,2025-01-14,138.0,VTNY,128.0,Venteny Fortuna International,138.0,10566400
132.0,2025-01-15,133.0,VTNY,126.0,Venteny Fortuna International,131.0,2800000
136.0,2025-01-16,136.0,VTNY,129.0,Venteny Fortuna International,133.0,8679300
138.0,2025-01-17,140.0,VTNY,132.0,Venteny Fortuna International,136.0,10965600
146.0,2025-01-20,149.0,VTNY,137.0,Venteny Fortuna International,138.0,18187000
169.0,2025-01-21,178.0,VTNY,146.0,Venteny Fortuna International,146.0,41403300
162.0,2025-01-22,170.0,VTNY,156.0,Venteny Fortuna International,169.0,20613100
167.0,2025-01-23,171.0,VTNY,161.0,Venteny Fortuna International,162.0,14223700
161.0,2025-01-24,167.0,VTNY,159.0,Venteny Fortuna International,167.0,9029300
165.0,2025-01-30,166.0,VTNY,157.0,Venteny Fortuna International,161.0,14300700
172.0,2025-01-31,174.0,VTNY,163.0,Venteny Fortuna International,165.0,14802900
189.0,2025-02-03,189.0,VTNY,168.0,Venteny Fortuna International,172.0,30671400
190.0,2025-02-04,197.0,VTNY,188.0,Venteny Fortuna International,190.0,25700500
189.0,2025-02-05,191.0,VTNY,178.0,Venteny Fortuna International,191.0,14166800
189.0,2025-02-06,194.0,VTNY,185.0,Venteny Fortuna International,189.0,16760900
188.0,2025-02-07,192.0,VTNY,184.0,Venteny Fortuna International,190.0,7898200
180.0,2025-02-10,188.0,VTNY,178.0,Venteny Fortuna International,188.0,11641400
182.0,2025-02-11,188.0,VTNY,177.0,Venteny Fortuna International,180.0,19269500
184.0,2025-02-12,193.0,VTNY,181.0,Venteny Fortuna International,182.0,20388700
188.0,2025-02-13,190.0,VTNY,183.0,Venteny Fortuna International,185.0,15672300
188.0,2025-02-14,192.0,VTNY,187.0,Venteny Fortuna International,189.0,12239500
193.0,2025-02-17,194.0,VTNY,188.0,Venteny Fortuna International,189.0,18366700
195.0,2025-02-18,197.0,VTNY,191.0,Venteny Fortuna International,193.0,20587400
185.0,2025-02-19,198.0,VTNY,185.0,Venteny Fortuna International,195.0,18215400
175.0,2025-02-20,186.0,VTNY,175.0,Venteny Fortuna International,185.0,6806400
179.0,2025-02-21,180.0,VTNY,162.0,Venteny Fortuna International,174.0,11633300
178.0,2025-02-24,181.0,VTNY,175.0,Venteny Fortuna International,180.0,7825100
175.0,2025-02-25,179.0,VTNY,171.0,Venteny Fortuna International,179.0,5881300
173.0,2025-02-26,181.0,VTNY,173.0,Venteny Fortuna International,176.0,11927700
164.0,2025-02-27,176.0,VTNY,164.0,Venteny Fortuna International,174.0,5702700
155.0,2025-02-28,165.0,VTNY,153.0,Venteny Fortuna International,165.0,4207400
160.0,2025-03-03,164.0,VTNY,155.0,Venteny Fortuna International,156.0,13327800
149.0,2025-03-04,160.0,VTNY,149.0,Venteny Fortuna International,160.0,1759300
154.0,2025-03-05,158.0,VTNY,149.0,Venteny Fortuna International,150.0,6692800
164.0,2025-03-06,165.0,VTNY,153.0,Venteny Fortuna International,155.0,16112600
163.0,2025-03-07,165.0,VTNY,157.0,Venteny Fortuna International,164.0,8363100
192.0,2025-03-10,198.0,VTNY,159.0,Venteny Fortuna International,163.0,35165600
180.0,2025-03-11,193.0,VTNY,179.0,Venteny Fortuna International,192.0,7093000
183.0,2025-03-12,185.0,VTNY,176.0,Venteny Fortuna International,180.0,11230500
192.0,2025-03-13,192.0,VTNY,183.0,Venteny Fortuna International,183.0,14933700
181.0,2025-03-14,194.0,VTNY,181.0,Venteny Fortuna International,192.0,7297900
182.0,2025-03-17,188.0,VTNY,175.0,Venteny Fortuna International,181.0,6341800
182.0,2025-03-18,187.0,VTNY,171.0,Venteny Fortuna International,182.0,6683300
185.0,2025-03-19,188.0,VTNY,180.0,Venteny Fortuna International,182.0,7655300
184.0,2025-03-20,188.0,VTNY,180.0,Venteny Fortuna International,185.0,5736900
176.0,2025-03-21,185.0,VTNY,166.0,Venteny Fortuna International,185.0,5753900
163.0,2025-03-24,176.0,VTNY,157.0,Venteny Fortuna International,176.0,3834600
155.0,2025-03-25,168.0,VTNY,151.0,Venteny Fortuna International,163.0,3229500
166.0,2025-03-26,167.0,VTNY,154.0,Venteny Fortuna International,155.0,12344400
168.0,2025-03-27,174.0,VTNY,165.0,Venteny Fortuna International,167.0,9443800
149.0,2025-04-08,160.0,VTNY,143.0,Venteny Fortuna International,160.0,3102600
149.0,2025-04-09,152.0,VTNY,142.0,Venteny Fortuna International,149.0,6844400
154.0,2025-04-10,162.0,VTNY,149.0,Venteny Fortuna International,150.0,8257900
153.0,2025-04-11,157.0,VTNY,152.0,Venteny Fortuna International,155.0,5886300
153.0,2025-04-14,155.0,VTNY,152.0,Venteny Fortuna International,153.0,6494600
151.0,2025-04-15,156.0,VTNY,148.0,Venteny Fortuna International,154.0,3879000
147.0,2025-04-16,151.0,VTNY,145.0,Venteny Fortuna International,151.0,5017800
148.0,2025-04-17,151.0,VTNY,147.0,Venteny Fortuna International,147.0,7791600
138.0,2025-04-21,150.0,VTNY,135.0,Venteny Fortuna International,148.0,5676300
134.0,2025-04-22,142.0,VTNY,134.0,Venteny Fortuna International,139.0,4732000
140.0,2025-04-23,141.0,VTNY,135.0,Venteny Fortuna International,135.0,6169500
138.0,2025-04-24,141.0,VTNY,138.0,Venteny Fortuna International,140.0,4258500
138.0,2025-04-25,142.0,VTNY,138.0,Venteny Fortuna International,139.0,7279400
139.0,2025-04-28,140.0,VTNY,132.0,Venteny Fortuna International,139.0,6293300
139.0,2025-04-29,145.0,VTNY,137.0,Venteny Fortuna International,140.0,6129500
139.0,2025-04-30,144.0,VTNY,138.0,Venteny Fortuna International,140.0,7002700
139.0,2025-05-02,142.0,VTNY,138.0,Venteny Fortuna International,140.0,5985100
139.0,2025-05-05,140.0,VTNY,136.0,Venteny Fortuna International,140.0,4856400
139.0,2025-05-06,140.0,VTNY,137.0,Venteny Fortuna International,139.0,7252400
139.0,2025-05-07,140.0,VTNY,134.0,Venteny Fortuna International,139.0,5693500
135.0,2025-05-08,140.0,VTNY,134.0,Venteny Fortuna International,139.0,3827800
136.0,2025-05-09,138.0,VTNY,133.0,Venteny Fortuna International,136.0,5367000
138.0,2025-05-14,140.0,VTNY,131.0,Venteny Fortuna International,136.0,5259400
133.0,2025-05-15,138.0,VTNY,129.0,Venteny Fortuna International,138.0,3895100
132.0,2025-05-16,135.0,VTNY,128.0,Venteny Fortuna International,133.0,6294200
132.0,2025-05-19,134.0,VTNY,130.0,Venteny Fortuna International,132.0,6576000
131.0,2025-05-20,134.0,VTNY,130.0,Venteny Fortuna International,132.0,6204500
132.0,2025-05-21,133.0,VTNY,130.0,Venteny Fortuna International,132.0,6135300
132.0,2025-05-22,134.0,VTNY,131.0,Venteny Fortuna International,132.0,5527500
133.0,2025-05-23,134.0,VTNY,132.0,Venteny Fortuna International,134.0,3273700
131.0,2025-05-26,133.0,VTNY,130.0,Venteny Fortuna International,133.0,4846200
132.0,2025-05-27,134.0,VTNY,131.0,Venteny Fortuna International,132.0,5431200
133.0,2025-05-28,134.0,VTNY,131.0,Venteny Fortuna International,133.0,6405100
134.0,2025-06-02,134.0,VTNY,132.0,Venteny Fortuna International,134.0,3181600
137.0,2025-06-03,139.0,VTNY,134.0,Venteny Fortuna International,134.0,12960500
133.0,2025-06-04,137.0,VTNY,131.0,Venteny Fortuna International,137.0,8398900
129.0,2025-06-05,134.0,VTNY,129.0,Venteny Fortuna International,134.0,7225300
122.0,2025-06-10,129.0,VTNY,119.0,Venteny Fortuna International,129.0,11609700
121.0,2025-06-11,124.0,VTNY,121.0,Venteny Fortuna International,123.0,6690200
122.0,2025-06-12,123.0,VTNY,120.0,Venteny Fortuna International,122.0,4231200
121.0,2025-06-13,122.0,VTNY,120.0,Venteny Fortuna International,122.0,6113100
121.0,2025-06-16,125.0,VTNY,116.0,Venteny Fortuna International,120.0,11077200
123.0,2025-06-17,127.0,VTNY,121.0,Venteny Fortuna International,122.0,10007600
118.0,2025-06-18,124.0,VTNY,118.0,Venteny Fortuna International,124.0,10788200
121.0,2025-06-19,125.0,VTNY,118.0,Venteny Fortuna International,119.0,12043900
120.0,2025-06-20,122.0,VTNY,118.0,Venteny Fortuna International,122.0,6797100
113.0,2025-06-23,120.0,VTNY,112.0,Venteny Fortuna International,120.0,7764700
118.0,2025-06-24,125.0,VTNY,112.0,Venteny Fortuna International,114.0,18011000
116.0,2025-06-25,119.0,VTNY,115.0,Venteny Fortuna International,118.0,9200000
116.0,2025-06-26,118.0,VTNY,114.0,Venteny Fortuna International,117.0,9648500
115.0,2025-06-30,117.0,VTNY,115.0,Venteny Fortuna International,117.0,6148700
115.0,2025-07-01,118.0,VTNY,114.0,Venteny Fortuna International,116.0,9476900
113.0,2025-07-02,116.0,VTNY,112.0,Venteny Fortuna International,116.0,8427500
113.0,2025-07-03,114.0,VTNY,112.0,Venteny Fortuna International,113.0,6748900
113.0,2025-07-04,114.0,VTNY,110.0,Venteny Fortuna International,114.0,5585000
111.0,2025-07-07,113.0,VTNY,110.0,Venteny Fortuna International,113.0,5404900
109.0,2025-07-08,112.0,VTNY,108.0,Venteny Fortuna International,111.0,6545200
112.0,2025-07-09,115.0,VTNY,108.0,Venteny Fortuna International,109.0,9659500
113.0,2025-07-10,113.0,VTNY,111.0,Venteny Fortuna International,113.0,6716300
115.0,2025-07-11,115.0,VTNY,112.0,Venteny Fortuna International,113.0,8530500
113.0,2025-07-14,115.0,VTNY,111.0,Venteny Fortuna International,115.0,6863800
112.0,2025-07-15,113.0,VTNY,110.0,Venteny Fortuna International,113.0,6849100
112.0,2025-07-16,113.0,VTNY,110.0,Venteny Fortuna International,112.0,5724900
113.0,2025-07-17,114.0,VTNY,111.0,Venteny Fortuna International,112.0,7354000
112.0,2025-07-18,114.0,VTNY,111.0,Venteny Fortuna International,113.0,6312200
111.0,2025-07-21,112.0,VTNY,110.0,Venteny Fortuna International,112.0,6720500
113.0,2025-07-22,116.0,VTNY,109.0,Venteny Fortuna International,111.0,10363300
116.0,2025-07-23,117.0,VTNY,111.0,Venteny Fortuna International,113.0,15328100
103.0,2025-07-24,118.0,VTNY,101.0,Venteny Fortuna International,116.0,32111500
90.0,2025-07-25,107.0,VTNY,89.0,Venteny Fortuna International,103.0,36009700
94.0,2025-07-28,96.0,VTNY,87.0,Venteny Fortuna International,88.0,15303100
94.0,2025-07-29,95.0,VTNY,90.0,Venteny Fortuna International,95.0,17033400
93.0,2025-07-30,94.0,VTNY,92.0,Venteny Fortuna International,94.0,7890500
92.0,2025-07-31,94.0,VTNY,91.0,Venteny Fortuna International,93.0,9975100
94.0,2025-08-01,98.0,VTNY,90.0,Venteny Fortuna International,92.0,17198300
93.0,2025-08-04,94.0,VTNY,92.0,Venteny Fortuna International,94.0,16610400
94.0,2025-08-05,96.0,VTNY,92.0,Venteny Fortuna International,94.0,15737700
94.0,2025-08-06,95.0,VTNY,93.0,Venteny Fortuna International,94.0,9557600
94.0,2025-08-07,95.0,VTNY,93.0,Venteny Fortuna International,94.0,10961300
93.0,2025-08-08,94.0,VTNY,92.0,Venteny Fortuna International,94.0,16977400
89.0,2025-08-11,94.0,VTNY,87.0,Venteny Fortuna International,94.0,23685600
88.0,2025-08-12,92.0,VTNY,87.0,Venteny Fortuna International,89.0,13799200
92.0,2025-08-13,94.0,VTNY,88.0,Venteny Fortuna International,89.0,20595300
92.0,2025-08-14,93.0,VTNY,90.0,Venteny Fortuna International,92.0,15952900
91.0,2025-08-15,92.0,VTNY,90.0,Venteny Fortuna International,92.0,8665000
None,2025-08-18,None,VTNY,None,Venteny Fortuna International,None,None
94.0,2025-08-19,95.0,VTNY,90.0,Venteny Fortuna International,92.0,17895700
97.0,2025-08-20,98.0,VTNY,93.0,Venteny Fortuna International,95.0,26524700
119.0,2025-08-21,130.0,VTNY,97.0,Venteny Fortuna International,98.0,408466800
111.0,2025-08-22,122.0,VTNY,110.0,Venteny Fortuna International,120.0,56342600
114.0,2025-08-25,120.0,VTNY,108.0,Venteny Fortuna International,111.0,55950500
112.0,2025-08-26,115.0,VTNY,111.0,Venteny Fortuna International,114.0,16254500
110.0,2025-08-27,118.0,VTNY,109.0,Venteny Fortuna International,112.0,44032700
109.0,2025-08-28,111.0,VTNY,105.0,Venteny Fortuna International,110.0,19162100
105.0,2025-08-29,110.0,VTNY,101.0,Venteny Fortuna International,109.0,20028800
102.0,2025-09-01,103.0,VTNY,92.0,Venteny Fortuna International,98.0,15207000
107.0,2025-09-02,107.0,VTNY,101.0,Venteny Fortuna International,102.0,9081700
106.0,2025-09-03,110.0,VTNY,106.0,Venteny Fortuna International,107.0,15557600
104.0,2025-09-04,108.0,VTNY,99.0,Venteny Fortuna International,107.0,15766200
None,2025-09-05,None,VTNY,None,Venteny Fortuna International,None,None
102.0,2025-09-08,105.0,VTNY,101.0,Venteny Fortuna International,104.0,10389600
100.0,2025-09-09,102.0,VTNY,95.0,Venteny Fortuna International,102.0,15698200
104.0,2025-09-10,108.0,VTNY,100.0,Venteny Fortuna International,100.0,21616000
105.0,2025-09-11,109.0,VTNY,104.0,Venteny Fortuna International,105.0,24894100
103.0,2025-09-12,106.0,VTNY,101.0,Venteny Fortuna International,105.0,11538200
103.0,2025-09-15,104.0,VTNY,101.0,Venteny Fortuna International,104.0,15266900
103.0,2025-09-16,104.0,VTNY,102.0,Venteny Fortuna International,104.0,11598500
102.0,2025-09-17,110.0,VTNY,101.0,Venteny Fortuna International,103.0,32419700
101.0,2025-09-18,105.0,VTNY,101.0,Venteny Fortuna International,103.0,20313400
102.0,2025-09-19,109.0,VTNY,98.0,Venteny Fortuna International,102.0,37842700
100.0,2025-09-22,104.0,VTNY,99.0,Venteny Fortuna International,103.0,24763300
100.0,2025-09-23,102.0,VTNY,99.0,Venteny Fortuna International,101.0,15031000
98.0,2025-09-24,101.0,VTNY,97.0,Venteny Fortuna International,100.0,15390300
95.0,2025-09-25,98.0,VTNY,95.0,Venteny Fortuna International,98.0,18780100
95.0,2025-09-26,98.0,VTNY,95.0,Venteny Fortuna International,96.0,11193300
97.0,2025-09-29,104.0,VTNY,99.0,Venteny Fortuna International,103.0,23455000
None,2025-09-30,None,VTNY,None,Venteny Fortuna International,None,None
97.0,2025-10-01,99.0,VTNY,96.0,Venteny Fortuna International,98.0,19143300
92.0,2025-10-02,98.0,VTNY,90.0,Venteny Fortuna International,97.0,29653800
92.0,2025-10-03,93.0,VTNY,91.0,Venteny Fortuna International,92.0,14004800
93.0,2025-10-06,97.0,VTNY,92.0,Venteny Fortuna International,92.0,20397000
94.0,2025-10-07,97.0,VTNY,93.0,Venteny Fortuna International,95.0,23808800
93.0,2025-10-08,95.0,VTNY,91.0,Venteny Fortuna International,94.0,17968100
94.0,2025-10-09,96.0,VTNY,93.0,Venteny Fortuna International,94.0,22440100
97.0,2025-10-10,105.0,VTNY,95.0,Venteny Fortuna International,95.0,98879400
102.0,2025-10-13,102.0,VTNY,94.0,Venteny Fortuna International,97.0,29849500
97.0,2025-10-14,104.0,VTNY,95.0,Venteny Fortuna International,102.0,34394300
93.0,2025-10-15,100.0,VTNY,93.0,Venteny Fortuna International,97.0,16073700
96.0,2025-10-16,97.0,VTNY,93.0,Venteny Fortuna International,93.0,16791800
92.0,2025-10-17,97.0,VTNY,92.0,Venteny Fortuna International,96.0,11044400
92.0,2025-10-20,94.0,VTNY,91.0,Venteny Fortuna International,93.0,14111200
93.0,2025-10-21,94.0,VTNY,92.0,Venteny Fortuna International,93.0,17919500
96.0,2025-10-22,97.0,VTNY,92.0,Venteny Fortuna International,93.0,20610000
95.0,2025-10-23,96.0,VTNY,93.0,Venteny Fortuna International,96.0,13836100
95.0,2025-10-24,98.0,VTNY,94.0,Venteny Fortuna International,95.0,16925400
92.0,2025-10-27,96.0,VTNY,91.0,Venteny Fortuna International,96.0,16554200
92.0,2025-10-28,93.0,VTNY,91.0,Venteny Fortuna International,92.0,9189100
92.0,2025-10-29,93.0,VTNY,91.0,Venteny Fortuna International,93.0,11416100
93.0,2025-10-30,95.0,VTNY,92.0,Venteny Fortuna International,93.0,9461100
93.0,2025-10-31,95.0,VTNY,92.0,Venteny Fortuna International,93.0,14462900
93.0,2025-11-03,94.0,VTNY,92.0,Venteny Fortuna International,93.0,9872400
91.0,2025-11-04,93.0,VTNY,90.0,Venteny Fortuna International,93.0,12391100
92.0,2025-11-05,93.0,VTNY,89.0,Venteny Fortuna International,91.0,16096100
93.0,2025-11-06,94.0,VTNY,91.0,Venteny Fortuna International,92.0,19728000
91.0,2025-11-07,93.0,VTNY,91.0,Venteny Fortuna International,93.0,9593400
